Watching for file changes with StatReloader
Exception in thread django-main-thread:
Traceback (most recent call last):
  File "/usr/lib/python3.12/threading.py", line 1073, in _bootstrap_inner
    self.run()
  File "/usr/lib/python3.12/threading.py", line 1010, in run
    self._target(*self._args, **self._kwargs)
  File "/home/singularsquare2017/work/word_echo/python_venv/lib/python3.12/site-packages/django/utils/autoreload.py", line 64, in wrapper
    fn(*args, **kwargs)
  File "/home/singularsquare2017/work/word_echo/python_venv/lib/python3.12/site-packages/django/core/management/commands/runserver.py", line 134, in inner_run
    self.check(**check_kwargs)
  File "/home/singularsquare2017/work/word_echo/python_venv/lib/python3.12/site-packages/django/core/management/base.py", line 496, in check
    all_issues = checks.run_checks(
                 ^^^^^^^^^^^^^^^^^^
  File "/home/singularsquare2017/work/word_echo/python_venv/lib/python3.12/site-packages/django/core/checks/registry.py", line 89, in run_checks
    new_errors = check(app_configs=app_configs, databases=databases)
                 ^^^^^^^^^^^^^^^^^^^^^^^^^^^^^^^^^^^^^^^^^^^^^^^^^^^
  File "/home/singularsquare2017/work/word_echo/python_venv/lib/python3.12/site-packages/django/core/checks/urls.py", line 16, in check_url_config
    return check_resolver(resolver)
           ^^^^^^^^^^^^^^^^^^^^^^^^
  File "/home/singularsquare2017/work/word_echo/python_venv/lib/python3.12/site-packages/django/core/checks/urls.py", line 26, in check_resolver
    return check_method()
           ^^^^^^^^^^^^^^
  File "/home/singularsquare2017/work/word_echo/python_venv/lib/python3.12/site-packages/django/urls/resolvers.py", line 541, in check
    for pattern in self.url_patterns:
                   ^^^^^^^^^^^^^^^^^
  File "/home/singularsquare2017/work/word_echo/python_venv/lib/python3.12/site-packages/django/utils/functional.py", line 47, in __get__
    res = instance.__dict__[self.name] = self.func(instance)
                                         ^^^^^^^^^^^^^^^^^^^
  File "/home/singularsquare2017/work/word_echo/python_venv/lib/python3.12/site-packages/django/urls/resolvers.py", line 729, in url_patterns
    patterns = getattr(self.urlconf_module, "urlpatterns", self.urlconf_module)
                       ^^^^^^^^^^^^^^^^^^^
  File "/home/singularsquare2017/work/word_echo/python_venv/lib/python3.12/site-packages/django/utils/functional.py", line 47, in __get__
    res = instance.__dict__[self.name] = self.func(instance)
                                         ^^^^^^^^^^^^^^^^^^^
  File "/home/singularsquare2017/work/word_echo/python_venv/lib/python3.12/site-packages/django/urls/resolvers.py", line 722, in urlconf_module
    return import_module(self.urlconf_name)
           ^^^^^^^^^^^^^^^^^^^^^^^^^^^^^^^^
  File "/usr/lib/python3.12/importlib/__init__.py", line 90, in import_module
    return _bootstrap._gcd_import(name[level:], package, level)
           ^^^^^^^^^^^^^^^^^^^^^^^^^^^^^^^^^^^^^^^^^^^^^^^^^^^^
  File "<frozen importlib._bootstrap>", line 1387, in _gcd_import
  File "<frozen importlib._bootstrap>", line 1360, in _find_and_load
  File "<frozen importlib._bootstrap>", line 1331, in _find_and_load_unlocked
  File "<frozen importlib._bootstrap>", line 935, in _load_unlocked
  File "<frozen importlib._bootstrap_external>", line 995, in exec_module
  File "<frozen importlib._bootstrap>", line 488, in _call_with_frames_removed
  File "/home/singularsquare2017/work/word_echo/word_echo/urls.py", line 29, in <module>
    path("speaking/", include("apps.speaking.urls")),
                      ^^^^^^^^^^^^^^^^^^^^^^^^^^^^^
  File "/home/singularsquare2017/work/word_echo/python_venv/lib/python3.12/site-packages/django/urls/conf.py", line 39, in include
    urlconf_module = import_module(urlconf_module)
                     ^^^^^^^^^^^^^^^^^^^^^^^^^^^^^
  File "/usr/lib/python3.12/importlib/__init__.py", line 90, in import_module
    return _bootstrap._gcd_import(name[level:], package, level)
           ^^^^^^^^^^^^^^^^^^^^^^^^^^^^^^^^^^^^^^^^^^^^^^^^^^^^
  File "<frozen importlib._bootstrap>", line 1387, in _gcd_import
  File "<frozen importlib._bootstrap>", line 1360, in _find_and_load
  File "<frozen importlib._bootstrap>", line 1331, in _find_and_load_unlocked
  File "<frozen importlib._bootstrap>", line 935, in _load_unlocked
  File "<frozen importlib._bootstrap_external>", line 995, in exec_module
  File "<frozen importlib._bootstrap>", line 488, in _call_with_frames_removed
  File "/home/singularsquare2017/work/word_echo/apps/speaking/urls.py", line 5, in <module>
    from . import views
  File "/home/singularsquare2017/work/word_echo/apps/speaking/views.py", line 6, in <module>
    from .models import SpeakingTopic, SpeakingQuestion, SpeakingAnswer
ImportError: cannot import name 'SpeakingTopic' from 'apps.speaking.models' (/home/singularsquare2017/work/word_echo/apps/speaking/models.py)
Watching for file changes with StatReloader
Exception in thread django-main-thread:
Traceback (most recent call last):
  File "/usr/lib/python3.12/threading.py", line 1073, in _bootstrap_inner
    self.run()
  File "/usr/lib/python3.12/threading.py", line 1010, in run
    self._target(*self._args, **self._kwargs)
  File "/home/singularsquare2017/work/word_echo/python_venv/lib/python3.12/site-packages/django/utils/autoreload.py", line 64, in wrapper
    fn(*args, **kwargs)
  File "/home/singularsquare2017/work/word_echo/python_venv/lib/python3.12/site-packages/django/core/management/commands/runserver.py", line 134, in inner_run
    self.check(**check_kwargs)
  File "/home/singularsquare2017/work/word_echo/python_venv/lib/python3.12/site-packages/django/core/management/base.py", line 496, in check
    all_issues = checks.run_checks(
                 ^^^^^^^^^^^^^^^^^^
  File "/home/singularsquare2017/work/word_echo/python_venv/lib/python3.12/site-packages/django/core/checks/registry.py", line 89, in run_checks
    new_errors = check(app_configs=app_configs, databases=databases)
                 ^^^^^^^^^^^^^^^^^^^^^^^^^^^^^^^^^^^^^^^^^^^^^^^^^^^
  File "/home/singularsquare2017/work/word_echo/python_venv/lib/python3.12/site-packages/django/core/checks/urls.py", line 16, in check_url_config
    return check_resolver(resolver)
           ^^^^^^^^^^^^^^^^^^^^^^^^
  File "/home/singularsquare2017/work/word_echo/python_venv/lib/python3.12/site-packages/django/core/checks/urls.py", line 26, in check_resolver
    return check_method()
           ^^^^^^^^^^^^^^
  File "/home/singularsquare2017/work/word_echo/python_venv/lib/python3.12/site-packages/django/urls/resolvers.py", line 541, in check
    for pattern in self.url_patterns:
                   ^^^^^^^^^^^^^^^^^
  File "/home/singularsquare2017/work/word_echo/python_venv/lib/python3.12/site-packages/django/utils/functional.py", line 47, in __get__
    res = instance.__dict__[self.name] = self.func(instance)
                                         ^^^^^^^^^^^^^^^^^^^
  File "/home/singularsquare2017/work/word_echo/python_venv/lib/python3.12/site-packages/django/urls/resolvers.py", line 729, in url_patterns
    patterns = getattr(self.urlconf_module, "urlpatterns", self.urlconf_module)
                       ^^^^^^^^^^^^^^^^^^^
  File "/home/singularsquare2017/work/word_echo/python_venv/lib/python3.12/site-packages/django/utils/functional.py", line 47, in __get__
    res = instance.__dict__[self.name] = self.func(instance)
                                         ^^^^^^^^^^^^^^^^^^^
  File "/home/singularsquare2017/work/word_echo/python_venv/lib/python3.12/site-packages/django/urls/resolvers.py", line 722, in urlconf_module
    return import_module(self.urlconf_name)
           ^^^^^^^^^^^^^^^^^^^^^^^^^^^^^^^^
  File "/usr/lib/python3.12/importlib/__init__.py", line 90, in import_module
    return _bootstrap._gcd_import(name[level:], package, level)
           ^^^^^^^^^^^^^^^^^^^^^^^^^^^^^^^^^^^^^^^^^^^^^^^^^^^^
  File "<frozen importlib._bootstrap>", line 1387, in _gcd_import
  File "<frozen importlib._bootstrap>", line 1360, in _find_and_load
  File "<frozen importlib._bootstrap>", line 1331, in _find_and_load_unlocked
  File "<frozen importlib._bootstrap>", line 935, in _load_unlocked
  File "<frozen importlib._bootstrap_external>", line 995, in exec_module
  File "<frozen importlib._bootstrap>", line 488, in _call_with_frames_removed
  File "/home/singularsquare2017/work/word_echo/word_echo/urls.py", line 29, in <module>
    path("speaking/", include("apps.speaking.urls")),
                      ^^^^^^^^^^^^^^^^^^^^^^^^^^^^^
  File "/home/singularsquare2017/work/word_echo/python_venv/lib/python3.12/site-packages/django/urls/conf.py", line 39, in include
    urlconf_module = import_module(urlconf_module)
                     ^^^^^^^^^^^^^^^^^^^^^^^^^^^^^
  File "/usr/lib/python3.12/importlib/__init__.py", line 90, in import_module
    return _bootstrap._gcd_import(name[level:], package, level)
           ^^^^^^^^^^^^^^^^^^^^^^^^^^^^^^^^^^^^^^^^^^^^^^^^^^^^
  File "<frozen importlib._bootstrap>", line 1387, in _gcd_import
  File "<frozen importlib._bootstrap>", line 1360, in _find_and_load
  File "<frozen importlib._bootstrap>", line 1331, in _find_and_load_unlocked
  File "<frozen importlib._bootstrap>", line 935, in _load_unlocked
  File "<frozen importlib._bootstrap_external>", line 995, in exec_module
  File "<frozen importlib._bootstrap>", line 488, in _call_with_frames_removed
  File "/home/singularsquare2017/work/word_echo/apps/speaking/urls.py", line 5, in <module>
    from . import views
  File "/home/singularsquare2017/work/word_echo/apps/speaking/views.py", line 6, in <module>
    from .models import SpeakingTopic, SpeakingQuestion, SpeakingAnswer
ImportError: cannot import name 'SpeakingTopic' from 'apps.speaking.models' (/home/singularsquare2017/work/word_echo/apps/speaking/models.py)
/home/singularsquare2017/work/word_echo/apps/speaking/models.py changed, reloading.
Performing system checks...

Watching for file changes with StatReloader
Exception in thread django-main-thread:
Traceback (most recent call last):
  File "/usr/lib/python3.12/threading.py", line 1073, in _bootstrap_inner
    self.run()
  File "/usr/lib/python3.12/threading.py", line 1010, in run
    self._target(*self._args, **self._kwargs)
  File "/home/singularsquare2017/work/word_echo/python_venv/lib/python3.12/site-packages/django/utils/autoreload.py", line 64, in wrapper
    fn(*args, **kwargs)
  File "/home/singularsquare2017/work/word_echo/python_venv/lib/python3.12/site-packages/django/core/management/commands/runserver.py", line 124, in inner_run
    autoreload.raise_last_exception()
  File "/home/singularsquare2017/work/word_echo/python_venv/lib/python3.12/site-packages/django/utils/autoreload.py", line 86, in raise_last_exception
    raise _exception[1]
  File "/home/singularsquare2017/work/word_echo/python_venv/lib/python3.12/site-packages/django/core/management/__init__.py", line 395, in execute
    autoreload.check_errors(django.setup)()
  File "/home/singularsquare2017/work/word_echo/python_venv/lib/python3.12/site-packages/django/utils/autoreload.py", line 64, in wrapper
    fn(*args, **kwargs)
  File "/home/singularsquare2017/work/word_echo/python_venv/lib/python3.12/site-packages/django/__init__.py", line 24, in setup
    apps.populate(settings.INSTALLED_APPS)
  File "/home/singularsquare2017/work/word_echo/python_venv/lib/python3.12/site-packages/django/apps/registry.py", line 124, in populate
    app_config.ready()
  File "/home/singularsquare2017/work/word_echo/python_venv/lib/python3.12/site-packages/django/contrib/admin/apps.py", line 27, in ready
    self.module.autodiscover()
  File "/home/singularsquare2017/work/word_echo/python_venv/lib/python3.12/site-packages/django/contrib/admin/__init__.py", line 52, in autodiscover
    autodiscover_modules("admin", register_to=site)
  File "/home/singularsquare2017/work/word_echo/python_venv/lib/python3.12/site-packages/django/utils/module_loading.py", line 58, in autodiscover_modules
    import_module("%s.%s" % (app_config.name, module_to_search))
  File "/usr/lib/python3.12/importlib/__init__.py", line 90, in import_module
    return _bootstrap._gcd_import(name[level:], package, level)
           ^^^^^^^^^^^^^^^^^^^^^^^^^^^^^^^^^^^^^^^^^^^^^^^^^^^^
  File "<frozen importlib._bootstrap>", line 1387, in _gcd_import
  File "<frozen importlib._bootstrap>", line 1360, in _find_and_load
  File "<frozen importlib._bootstrap>", line 1331, in _find_and_load_unlocked
  File "<frozen importlib._bootstrap>", line 935, in _load_unlocked
  File "<frozen importlib._bootstrap_external>", line 995, in exec_module
  File "<frozen importlib._bootstrap>", line 488, in _call_with_frames_removed
  File "/home/singularsquare2017/work/word_echo/apps/speaking/admin.py", line 2, in <module>
    from .models import SpeakingAttempt, SpeakingQuestion
ImportError: cannot import name 'SpeakingAttempt' from 'apps.speaking.models' (/home/singularsquare2017/work/word_echo/apps/speaking/models.py)
/home/singularsquare2017/work/word_echo/apps/speaking/models.py changed, reloading.
Performing system checks...

Watching for file changes with StatReloader
Exception in thread django-main-thread:
Traceback (most recent call last):
  File "/usr/lib/python3.12/threading.py", line 1073, in _bootstrap_inner
    self.run()
  File "/usr/lib/python3.12/threading.py", line 1010, in run
    self._target(*self._args, **self._kwargs)
  File "/home/singularsquare2017/work/word_echo/python_venv/lib/python3.12/site-packages/django/utils/autoreload.py", line 64, in wrapper
    fn(*args, **kwargs)
  File "/home/singularsquare2017/work/word_echo/python_venv/lib/python3.12/site-packages/django/core/management/commands/runserver.py", line 124, in inner_run
    autoreload.raise_last_exception()
  File "/home/singularsquare2017/work/word_echo/python_venv/lib/python3.12/site-packages/django/utils/autoreload.py", line 86, in raise_last_exception
    raise _exception[1]
  File "/home/singularsquare2017/work/word_echo/python_venv/lib/python3.12/site-packages/django/core/management/__init__.py", line 395, in execute
    autoreload.check_errors(django.setup)()
  File "/home/singularsquare2017/work/word_echo/python_venv/lib/python3.12/site-packages/django/utils/autoreload.py", line 64, in wrapper
    fn(*args, **kwargs)
  File "/home/singularsquare2017/work/word_echo/python_venv/lib/python3.12/site-packages/django/__init__.py", line 24, in setup
    apps.populate(settings.INSTALLED_APPS)
  File "/home/singularsquare2017/work/word_echo/python_venv/lib/python3.12/site-packages/django/apps/registry.py", line 124, in populate
    app_config.ready()
  File "/home/singularsquare2017/work/word_echo/python_venv/lib/python3.12/site-packages/django/contrib/admin/apps.py", line 27, in ready
    self.module.autodiscover()
  File "/home/singularsquare2017/work/word_echo/python_venv/lib/python3.12/site-packages/django/contrib/admin/__init__.py", line 52, in autodiscover
    autodiscover_modules("admin", register_to=site)
  File "/home/singularsquare2017/work/word_echo/python_venv/lib/python3.12/site-packages/django/utils/module_loading.py", line 58, in autodiscover_modules
    import_module("%s.%s" % (app_config.name, module_to_search))
  File "/usr/lib/python3.12/importlib/__init__.py", line 90, in import_module
    return _bootstrap._gcd_import(name[level:], package, level)
           ^^^^^^^^^^^^^^^^^^^^^^^^^^^^^^^^^^^^^^^^^^^^^^^^^^^^
  File "<frozen importlib._bootstrap>", line 1387, in _gcd_import
  File "<frozen importlib._bootstrap>", line 1360, in _find_and_load
  File "<frozen importlib._bootstrap>", line 1331, in _find_and_load_unlocked
  File "<frozen importlib._bootstrap>", line 935, in _load_unlocked
  File "<frozen importlib._bootstrap_external>", line 995, in exec_module
  File "<frozen importlib._bootstrap>", line 488, in _call_with_frames_removed
  File "/home/singularsquare2017/work/word_echo/apps/speaking/admin.py", line 2, in <module>
    from .models import SpeakingAttempt, SpeakingQuestion
ImportError: cannot import name 'SpeakingAttempt' from 'apps.speaking.models' (/home/singularsquare2017/work/word_echo/apps/speaking/models.py)
/home/singularsquare2017/work/word_echo/apps/speaking/admin.py changed, reloading.
Watching for file changes with StatReloader
/home/singularsquare2017/work/word_echo/apps/speaking/admin.py changed, reloading.
Watching for file changes with StatReloader
Error: That port is already in use.
[06/May/2026 07:34:42] "GET / HTTP/1.1" 200 2943
Not Found: /favicon.ico
[06/May/2026 07:34:43] "GET /favicon.ico HTTP/1.1" 404 3367
Not Found: /apple-touch-icon-precomposed.png
[06/May/2026 07:34:43] "GET /apple-touch-icon-precomposed.png HTTP/1.1" 404 3430
Not Found: /apple-touch-icon.png
[06/May/2026 07:34:44] "GET /apple-touch-icon.png HTTP/1.1" 404 3394
/home/singularsquare2017/work/word_echo/apps/speaking/views.py changed, reloading.
Performing system checks...

System check identified no issues (0 silenced).
May 06, 2026 - 07:34:36
Django version 6.0.3, using settings 'word_echo.settings'
Starting development server at http://0.0.0.0:12345/
Quit the server with CONTROL-C.

WARNING: This is a development server. Do not use it in a production setting. Use a production WSGI or ASGI server instead.
For more information on production servers see: https://docs.djangoproject.com/en/6.0/howto/deployment/
Watching for file changes with StatReloader
Watching for file changes with StatReloader
Error: That port is already in use.
Watching for file changes with StatReloader
[06/May/2026 07:44:44] "GET /speaking/ HTTP/1.1" 302 0
[06/May/2026 07:44:44] "GET /speaking/topics/ HTTP/1.1" 200 5459
[06/May/2026 07:45:56] "GET /admin/login/?next=/ HTTP/1.1" 302 0
[06/May/2026 07:45:57] "GET /admin/ HTTP/1.1" 200 14777
[06/May/2026 07:45:57] "GET /static/admin/js/nav_sidebar.js HTTP/1.1" 304 0
[06/May/2026 07:45:57] "GET /static/admin/css/dark_mode.css HTTP/1.1" 304 0
[06/May/2026 07:45:57] "GET /static/admin/css/base.css HTTP/1.1" 304 0
[06/May/2026 07:45:57] "GET /static/admin/js/theme.js HTTP/1.1" 304 0
[06/May/2026 07:45:57] "GET /static/admin/css/dashboard.css HTTP/1.1" 200 441
[06/May/2026 07:45:58] "GET /static/admin/css/responsive.css HTTP/1.1" 304 0
[06/May/2026 07:45:58] "GET /static/admin/css/nav_sidebar.css HTTP/1.1" 304 0
[06/May/2026 07:45:58] "GET /static/admin/img/icon-changelink.svg HTTP/1.1" 200 978
[06/May/2026 07:45:58] "GET /static/admin/img/icon-addlink.svg HTTP/1.1" 200 593
/home/singularsquare2017/work/word_echo/apps/speaking/views.py changed, reloading.
Performing system checks...

System check identified no issues (0 silenced).
May 06, 2026 - 07:44:39
Django version 6.0.3, using settings 'word_echo.settings'
Starting development server at http://0.0.0.0:12345/
Quit the server with CONTROL-C.

WARNING: This is a development server. Do not use it in a production setting. Use a production WSGI or ASGI server instead.
For more information on production servers see: https://docs.djangoproject.com/en/6.0/howto/deployment/
Watching for file changes with StatReloader
/home/singularsquare2017/work/word_echo/apps/speaking/urls.py changed, reloading.
Performing system checks...

System check identified no issues (0 silenced).
May 06, 2026 - 07:47:13
Django version 6.0.3, using settings 'word_echo.settings'
Starting development server at http://0.0.0.0:12345/
Quit the server with CONTROL-C.

WARNING: This is a development server. Do not use it in a production setting. Use a production WSGI or ASGI server instead.
For more information on production servers see: https://docs.djangoproject.com/en/6.0/howto/deployment/
Watching for file changes with StatReloader
Exception in thread django-main-thread:
Traceback (most recent call last):
  File "/home/singularsquare2017/work/word_echo/python_venv/lib/python3.12/site-packages/django/urls/resolvers.py", line 731, in url_patterns
    iter(patterns)
TypeError: 'module' object is not iterable

The above exception was the direct cause of the following exception:

Traceback (most recent call last):
  File "/usr/lib/python3.12/threading.py", line 1073, in _bootstrap_inner
    self.run()
  File "/usr/lib/python3.12/threading.py", line 1010, in run
    self._target(*self._args, **self._kwargs)
  File "/home/singularsquare2017/work/word_echo/python_venv/lib/python3.12/site-packages/django/utils/autoreload.py", line 64, in wrapper
    fn(*args, **kwargs)
  File "/home/singularsquare2017/work/word_echo/python_venv/lib/python3.12/site-packages/django/core/management/commands/runserver.py", line 134, in inner_run
    self.check(**check_kwargs)
  File "/home/singularsquare2017/work/word_echo/python_venv/lib/python3.12/site-packages/django/core/management/base.py", line 496, in check
    all_issues = checks.run_checks(
                 ^^^^^^^^^^^^^^^^^^
  File "/home/singularsquare2017/work/word_echo/python_venv/lib/python3.12/site-packages/django/core/checks/registry.py", line 89, in run_checks
    new_errors = check(app_configs=app_configs, databases=databases)
                 ^^^^^^^^^^^^^^^^^^^^^^^^^^^^^^^^^^^^^^^^^^^^^^^^^^^
  File "/home/singularsquare2017/work/word_echo/python_venv/lib/python3.12/site-packages/django/core/checks/urls.py", line 16, in check_url_config
    return check_resolver(resolver)
           ^^^^^^^^^^^^^^^^^^^^^^^^
  File "/home/singularsquare2017/work/word_echo/python_venv/lib/python3.12/site-packages/django/core/checks/urls.py", line 26, in check_resolver
    return check_method()
           ^^^^^^^^^^^^^^
  File "/home/singularsquare2017/work/word_echo/python_venv/lib/python3.12/site-packages/django/urls/resolvers.py", line 542, in check
    messages.extend(check_resolver(pattern))
                    ^^^^^^^^^^^^^^^^^^^^^^^
  File "/home/singularsquare2017/work/word_echo/python_venv/lib/python3.12/site-packages/django/core/checks/urls.py", line 26, in check_resolver
    return check_method()
           ^^^^^^^^^^^^^^
  File "/home/singularsquare2017/work/word_echo/python_venv/lib/python3.12/site-packages/django/urls/resolvers.py", line 541, in check
    for pattern in self.url_patterns:
                   ^^^^^^^^^^^^^^^^^
  File "/home/singularsquare2017/work/word_echo/python_venv/lib/python3.12/site-packages/django/utils/functional.py", line 47, in __get__
    res = instance.__dict__[self.name] = self.func(instance)
                                         ^^^^^^^^^^^^^^^^^^^
  File "/home/singularsquare2017/work/word_echo/python_venv/lib/python3.12/site-packages/django/urls/resolvers.py", line 739, in url_patterns
    raise ImproperlyConfigured(msg.format(name=self.urlconf_name)) from e
django.core.exceptions.ImproperlyConfigured: The included URLconf '<module 'apps.speaking.urls' from '/home/singularsquare2017/work/word_echo/apps/speaking/urls.py'>' does not appear to have any patterns in it. If you see the 'urlpatterns' variable with valid patterns in the file then the issue is probably caused by a circular import.
/home/singularsquare2017/work/word_echo/apps/speaking/urls.py changed, reloading.
Performing system checks...

Watching for file changes with StatReloader
Performing system checks...

System check identified no issues (0 silenced).
May 06, 2026 - 07:47:42
Django version 6.0.3, using settings 'word_echo.settings'
Starting development server at http://0.0.0.0:12345/
Quit the server with CONTROL-C.

WARNING: This is a development server. Do not use it in a production setting. Use a production WSGI or ASGI server instead.
For more information on production servers see: https://docs.djangoproject.com/en/6.0/howto/deployment/
Watching for file changes with StatReloader
[06/May/2026 07:52:01] "GET /speaking/topics/ HTTP/1.1" 200 6583
[06/May/2026 07:53:39] "GET /speaking/topics/create/ HTTP/1.1" 200 8111
[06/May/2026 07:54:54] "POST /speaking/topics/create/ HTTP/1.1" 302 0
[06/May/2026 07:54:55] "GET /speaking/topics/1/ HTTP/1.1" 200 6664
[06/May/2026 07:55:17] "GET /words/86/ HTTP/1.1" 200 2692
Not Found: /favicon.ico
[06/May/2026 07:55:18] "GET /favicon.ico HTTP/1.1" 404 3367
[06/May/2026 07:55:22] "GET / HTTP/1.1" 200 2943
[06/May/2026 07:55:26] "GET /speaking/ HTTP/1.1" 302 0
[06/May/2026 07:55:26] "GET /speaking/topics/ HTTP/1.1" 200 6941
[06/May/2026 07:55:30] "GET /speaking/topics/1/ HTTP/1.1" 200 6664
[06/May/2026 07:55:38] "GET /speaking/ HTTP/1.1" 302 0
[06/May/2026 07:55:39] "GET /speaking/topics/ HTTP/1.1" 200 6941
[06/May/2026 07:55:48] "GET /speaking/topics/1/ HTTP/1.1" 200 6664
[06/May/2026 07:55:49] "GET /speaking/topics/1/questions/create/ HTTP/1.1" 200 8348
[06/May/2026 07:55:52] "GET /speaking/topics/1/ HTTP/1.1" 200 6664
[06/May/2026 07:56:08] "GET /speaking/topics/1/questions/create/ HTTP/1.1" 200 8348
[06/May/2026 07:56:41] "POST /speaking/topics/1/questions/create/ HTTP/1.1" 302 0
[06/May/2026 07:56:41] "GET /speaking/topics/1/ HTTP/1.1" 200 7017
[06/May/2026 07:56:45] "GET /speaking/questions/1/ HTTP/1.1" 200 7795
[06/May/2026 08:07:09] "POST /speaking/questions/1/answers/create/ HTTP/1.1" 302 0
[06/May/2026 08:07:09] "GET /speaking/questions/1/ HTTP/1.1" 200 8427
[06/May/2026 08:08:14] "POST /speaking/questions/1/answers/create/ HTTP/1.1" 302 0
[06/May/2026 08:08:15] "GET /speaking/questions/1/ HTTP/1.1" 200 9005
[06/May/2026 08:08:18] "GET /speaking/topics/1/ HTTP/1.1" 200 7020
[06/May/2026 08:08:19] "GET /speaking/questions/1/ HTTP/1.1" 200 9005
[06/May/2026 08:08:44] "GET /speaking/topics/1/ HTTP/1.1" 200 7020
[06/May/2026 08:11:50] "GET /speaking/topics/1/questions/create/ HTTP/1.1" 200 8348
[06/May/2026 08:12:23] "POST /speaking/topics/1/questions/create/ HTTP/1.1" 302 0
[06/May/2026 08:12:23] "GET /speaking/topics/1/ HTTP/1.1" 200 7430
[06/May/2026 08:12:28] "GET /speaking/questions/2/ HTTP/1.1" 200 7788
[06/May/2026 08:18:11] "POST /speaking/questions/2/answers/create/ HTTP/1.1" 302 0
[06/May/2026 08:18:11] "GET /speaking/questions/2/ HTTP/1.1" 200 8308
[06/May/2026 08:21:48] "POST /speaking/questions/2/answers/create/ HTTP/1.1" 302 0
[06/May/2026 08:21:49] "GET /speaking/questions/2/ HTTP/1.1" 200 8879
[06/May/2026 08:22:15] "GET /speaking/topics/1/ HTTP/1.1" 200 7433
[06/May/2026 08:22:17] "GET /speaking/questions/1/ HTTP/1.1" 200 9005
[06/May/2026 08:37:47] "GET /speaking/topics/1/ HTTP/1.1" 200 7433
[06/May/2026 08:37:49] "GET /speaking/topics/1/questions/create/ HTTP/1.1" 200 8348
[06/May/2026 08:38:29] "POST /speaking/topics/1/questions/create/ HTTP/1.1" 302 0
[06/May/2026 08:38:30] "GET /speaking/topics/1/ HTTP/1.1" 200 7848
[06/May/2026 08:38:33] "GET /speaking/questions/3/ HTTP/1.1" 200 7793
[06/May/2026 08:44:16] "POST /speaking/questions/3/answers/create/ HTTP/1.1" 302 0
[06/May/2026 08:44:16] "GET /speaking/questions/3/ HTTP/1.1" 200 8347
[06/May/2026 08:44:18] "POST /speaking/questions/3/answers/create/ HTTP/1.1" 302 0
[06/May/2026 08:44:19] "GET /speaking/questions/3/ HTTP/1.1" 200 9111
[06/May/2026 08:51:13] "GET /speaking/topics/1/ HTTP/1.1" 200 7851
[06/May/2026 08:51:16] "GET /speaking/topics/1/questions/create/ HTTP/1.1" 200 8348
[06/May/2026 08:51:53] "POST /speaking/topics/1/questions/create/ HTTP/1.1" 302 0
[06/May/2026 08:51:53] "GET /speaking/topics/1/ HTTP/1.1" 200 8263
[06/May/2026 08:51:55] "GET /speaking/questions/4/ HTTP/1.1" 200 7790
[06/May/2026 08:57:45] "POST /speaking/questions/4/answers/create/ HTTP/1.1" 302 0
[06/May/2026 08:57:45] "GET /speaking/questions/4/ HTTP/1.1" 200 8447
[06/May/2026 08:57:47] "POST /speaking/questions/4/answers/create/ HTTP/1.1" 302 0
[06/May/2026 08:57:47] "GET /speaking/questions/4/ HTTP/1.1" 200 9199
[06/May/2026 09:26:05] "GET /speaking/topics/ HTTP/1.1" 200 6941
[06/May/2026 09:26:05] "GET /speaking/topics/ HTTP/1.1" 200 6941
[06/May/2026 09:26:11] "GET /speaking/topics/ HTTP/1.1" 200 6941
[06/May/2026 09:26:14] "GET /speaking/topics/ HTTP/1.1" 200 6941
[06/May/2026 09:26:17] "GET /speaking/topics/ HTTP/1.1" 200 6941
[06/May/2026 09:26:18] "GET /speaking/topics/ HTTP/1.1" 200 6941
[06/May/2026 09:26:19] "GET /speaking/topics/1/ HTTP/1.1" 200 8266
[06/May/2026 09:26:31] "GET /speaking/questions/1/ HTTP/1.1" 200 9005
[06/May/2026 09:31:46] "GET /speaking/questions/2/ HTTP/1.1" 200 8879
[06/May/2026 09:35:41] "GET /speaking/topics/1/ HTTP/1.1" 200 8266
[06/May/2026 09:35:43] "GET /speaking/questions/3/ HTTP/1.1" 200 9111
[06/May/2026 09:43:12] "GET /speaking/questions/4/ HTTP/1.1" 200 9199
[06/May/2026 09:48:39] "GET /speaking/questions/1/ HTTP/1.1" 200 9005
[06/May/2026 09:50:06] "GET /speaking/topics/1/ HTTP/1.1" 200 8266
[06/May/2026 09:51:08] "GET /speaking/questions/2/ HTTP/1.1" 200 8879
[06/May/2026 09:52:24] "GET /speaking/questions/3/ HTTP/1.1" 200 9111
[06/May/2026 09:54:13] "GET /speaking/questions/4/ HTTP/1.1" 200 9199
Performing system checks...

System check identified no issues (0 silenced).
May 06, 2026 - 07:51:53
Django version 6.0.3, using settings 'word_echo.settings'
Starting development server at http://0.0.0.0:12345/
Quit the server with CONTROL-C.

WARNING: This is a development server. Do not use it in a production setting. Use a production WSGI or ASGI server instead.
For more information on production servers see: https://docs.djangoproject.com/en/6.0/howto/deployment/
Watching for file changes with StatReloader
[06/May/2026 11:20:23] "GET /speaking/topics/1/ HTTP/1.1" 200 8266
[06/May/2026 11:20:25] "GET /speaking/topics/ HTTP/1.1" 200 6941
[06/May/2026 11:20:29] "GET /speaking/topics/ HTTP/1.1" 200 6941
[06/May/2026 11:20:31] "GET / HTTP/1.1" 200 2943
[06/May/2026 11:21:13] "GET / HTTP/1.1" 200 2943
[06/May/2026 11:21:13] "GET / HTTP/1.1" 200 2943
Performing system checks...

System check identified no issues (0 silenced).
May 06, 2026 - 11:20:17
Django version 6.0.3, using settings 'word_echo.settings'
Starting development server at http://0.0.0.0:12345/
Quit the server with CONTROL-C.

WARNING: This is a development server. Do not use it in a production setting. Use a production WSGI or ASGI server instead.
For more information on production servers see: https://docs.djangoproject.com/en/6.0/howto/deployment/
Watching for file changes with StatReloader
[06/May/2026 11:26:38] "GET / HTTP/1.1" 200 6802
[06/May/2026 11:26:42] "GET /words/ HTTP/1.1" 200 6802
[06/May/2026 11:26:45] "GET /words/ HTTP/1.1" 200 6802
[06/May/2026 11:26:47] "GET /practice/ HTTP/1.1" 200 6802
[06/May/2026 11:27:39] "GET /practice/ HTTP/1.1" 200 7720
[06/May/2026 11:27:44] "GET / HTTP/1.1" 200 9197
[06/May/2026 11:28:54] "GET / HTTP/1.1" 200 9554
[06/May/2026 11:28:57] "GET /words/ HTTP/1.1" 200 65823
[06/May/2026 11:29:07] "GET /practice/ HTTP/1.1" 200 7720
[06/May/2026 11:29:13] "GET /writing/ HTTP/1.1" 200 14149
[06/May/2026 11:29:13] "GET /static/admin/css/login.css HTTP/1.1" 304 0
[06/May/2026 11:29:16] "GET /writing/11/ HTTP/1.1" 200 13390
[06/May/2026 11:29:30] "GET /speaking/topics/ HTTP/1.1" 200 6941
[06/May/2026 11:29:32] "GET /speaking/topics/1/ HTTP/1.1" 200 8266
[06/May/2026 11:29:40] "GET / HTTP/1.1" 200 9554
[06/May/2026 11:29:42] "GET /words/ HTTP/1.1" 200 65823
Not Found: /apple-touch-icon-precomposed.png
[06/May/2026 11:29:43] "GET /apple-touch-icon-precomposed.png HTTP/1.1" 404 3430
Not Found: /favicon.ico
[06/May/2026 11:29:43] "GET /favicon.ico HTTP/1.1" 404 3367
Not Found: /apple-touch-icon.png
[06/May/2026 11:29:43] "GET /apple-touch-icon.png HTTP/1.1" 404 3394
[06/May/2026 11:30:00] "GET /writing/ HTTP/1.1" 200 14149
[06/May/2026 11:31:04] "GET /speaking/topics/ HTTP/1.1" 200 6941
[06/May/2026 11:33:22] "GET /words/ HTTP/1.1" 200 129501
[06/May/2026 11:33:24] "GET /words/86/ HTTP/1.1" 200 10411
[06/May/2026 11:33:28] "GET /words/86/edit/ HTTP/1.1" 200 9270
[06/May/2026 11:33:33] "GET /words/ HTTP/1.1" 200 129501
[06/May/2026 11:33:46] "GET /words/ HTTP/1.1" 200 129501
/home/singularsquare2017/work/word_echo/apps/vocab/forms.py changed, reloading.
Performing system checks...

System check identified no issues (0 silenced).
May 06, 2026 - 11:26:34
Django version 6.0.3, using settings 'word_echo.settings'
Starting development server at http://0.0.0.0:12345/
Quit the server with CONTROL-C.

WARNING: This is a development server. Do not use it in a production setting. Use a production WSGI or ASGI server instead.
For more information on production servers see: https://docs.djangoproject.com/en/6.0/howto/deployment/
Watching for file changes with StatReloader
/home/singularsquare2017/work/word_echo/apps/vocab/views.py changed, reloading.
Performing system checks...

System check identified no issues (0 silenced).
May 06, 2026 - 11:37:32
Django version 6.0.3, using settings 'word_echo.settings'
Starting development server at http://0.0.0.0:12345/
Quit the server with CONTROL-C.

WARNING: This is a development server. Do not use it in a production setting. Use a production WSGI or ASGI server instead.
For more information on production servers see: https://docs.djangoproject.com/en/6.0/howto/deployment/
Watching for file changes with StatReloader
[06/May/2026 11:39:31] "GET /words/ HTTP/1.1" 200 130151
[06/May/2026 11:39:33] "GET /words/86/ HTTP/1.1" 200 11061
[06/May/2026 11:39:37] "GET /words/86/edit/ HTTP/1.1" 200 11682
[06/May/2026 11:39:44] "GET /words/86/ HTTP/1.1" 200 11061
[06/May/2026 11:39:49] "GET /words/ HTTP/1.1" 200 130151
[06/May/2026 11:39:53] "GET /words/add/ HTTP/1.1" 200 10235
[06/May/2026 11:40:02] "POST /words/add/ HTTP/1.1" 302 0
[06/May/2026 11:40:02] "GET /words/86/ HTTP/1.1" 200 11061
[06/May/2026 11:40:13] "GET /speaking/topics/ HTTP/1.1" 200 6941
[06/May/2026 11:40:20] "GET /phrases/ HTTP/1.1" 200 11207
[06/May/2026 11:40:23] "GET /words/ HTTP/1.1" 200 130151
[06/May/2026 11:40:31] "GET /synonyms/ HTTP/1.1" 200 12350
[06/May/2026 11:40:33] "GET /writing/ HTTP/1.1" 200 14799
[06/May/2026 11:40:43] "GET /phrases/ HTTP/1.1" 200 11207
[06/May/2026 11:40:47] "GET /admin/ HTTP/1.1" 200 14777
[06/May/2026 11:40:47] "GET /static/admin/css/base.css HTTP/1.1" 200 23100
[06/May/2026 11:40:47] "GET /static/admin/css/dashboard.css HTTP/1.1" 200 441
[06/May/2026 11:40:47] "GET /static/admin/css/dark_mode.css HTTP/1.1" 200 3538
[06/May/2026 11:40:47] "GET /static/admin/css/nav_sidebar.css HTTP/1.1" 200 2810
[06/May/2026 11:40:47] "GET /static/admin/js/theme.js HTTP/1.1" 200 1653
[06/May/2026 11:40:47] "GET /static/admin/js/nav_sidebar.js HTTP/1.1" 200 3063
[06/May/2026 11:40:47] "GET /static/admin/css/responsive.css HTTP/1.1" 200 16273
[06/May/2026 11:40:48] "GET /static/admin/img/icon-addlink.svg HTTP/1.1" 200 593
[06/May/2026 11:40:48] "GET /static/admin/img/icon-changelink.svg HTTP/1.1" 200 978
Invalid HTTP_HOST header: 'bbb.ccc'. You may need to add 'bbb.ccc' to ALLOWED_HOSTS.
Traceback (most recent call last):
  File "/home/singularsquare2017/work/word_echo/python_venv/lib/python3.12/site-packages/django/core/handlers/exception.py", line 55, in inner
    response = get_response(request)
               ^^^^^^^^^^^^^^^^^^^^^
  File "/home/singularsquare2017/work/word_echo/python_venv/lib/python3.12/site-packages/django/utils/deprecation.py", line 308, in __call__
    response = self.process_request(request)
               ^^^^^^^^^^^^^^^^^^^^^^^^^^^^^
  File "/home/singularsquare2017/work/word_echo/python_venv/lib/python3.12/site-packages/django/middleware/common.py", line 48, in process_request
    host = request.get_host()
           ^^^^^^^^^^^^^^^^^^
  File "/home/singularsquare2017/work/word_echo/python_venv/lib/python3.12/site-packages/django/http/request.py", line 205, in get_host
    raise DisallowedHost(msg)
django.core.exceptions.DisallowedHost: Invalid HTTP_HOST header: 'bbb.ccc'. You may need to add 'bbb.ccc' to ALLOWED_HOSTS.
[06/May/2026 14:28:38] "'GET / HTTP/1.1" 400 64535
[06/May/2026 15:08:49] "GET /words/ HTTP/1.1" 200 130151
[06/May/2026 15:08:56] "GET / HTTP/1.1" 200 10204
[06/May/2026 15:09:00] "GET /speaking/topics/ HTTP/1.1" 200 6941
[06/May/2026 15:09:09] "GET /speaking/topics/create/ HTTP/1.1" 200 8111
[06/May/2026 15:09:25] "POST /speaking/topics/create/ HTTP/1.1" 302 0
[06/May/2026 15:09:26] "GET /speaking/topics/2/ HTTP/1.1" 200 6650
[06/May/2026 15:09:29] "GET /speaking/topics/ HTTP/1.1" 200 7293
[06/May/2026 15:09:31] "GET /speaking/topics/2/ HTTP/1.1" 200 6650
[06/May/2026 15:09:41] "GET /speaking/topics/2/questions/create/ HTTP/1.1" 200 8334
[06/May/2026 15:10:06] "POST /speaking/topics/2/questions/create/ HTTP/1.1" 302 0
[06/May/2026 15:10:51] "GET / HTTP/1.1" 200 10204
[06/May/2026 15:11:53] "GET /speaking/topics/ HTTP/1.1" 200 7293
[06/May/2026 15:11:54] "GET /speaking/topics/2/ HTTP/1.1" 200 7001
[06/May/2026 15:12:00] "GET /speaking/questions/5/ HTTP/1.1" 200 7779
[06/May/2026 15:16:04] "POST /speaking/questions/5/answers/create/ HTTP/1.1" 302 0
[06/May/2026 15:16:05] "GET /speaking/questions/5/ HTTP/1.1" 200 8174
[06/May/2026 15:16:20] "POST /speaking/questions/5/answers/create/ HTTP/1.1" 302 0
[06/May/2026 15:16:20] "GET /speaking/questions/5/ HTTP/1.1" 200 8654
[06/May/2026 15:16:25] "GET /speaking/topics/2/ HTTP/1.1" 200 7004
[06/May/2026 15:16:27] "GET /speaking/topics/2/questions/create/ HTTP/1.1" 200 8334
[06/May/2026 15:24:29] "POST /speaking/topics/2/questions/create/ HTTP/1.1" 302 0
[06/May/2026 15:24:29] "GET /speaking/topics/2/ HTTP/1.1" 200 7413
[06/May/2026 15:25:10] "GET /speaking/questions/6/ HTTP/1.1" 200 8033
[06/May/2026 15:25:23] "POST /speaking/questions/6/answers/create/ HTTP/1.1" 302 0
[06/May/2026 15:25:23] "GET /speaking/questions/6/ HTTP/1.1" 200 8619
[06/May/2026 15:25:32] "POST /speaking/questions/6/answers/create/ HTTP/1.1" 302 0
[06/May/2026 15:25:32] "GET /speaking/questions/6/ HTTP/1.1" 200 9128
[06/May/2026 15:25:38] "GET /speaking/topics/2/ HTTP/1.1" 200 7416
[06/May/2026 15:27:06] "GET /speaking/topics/2/questions/create/ HTTP/1.1" 200 8334
[06/May/2026 15:27:39] "POST /speaking/topics/2/questions/create/ HTTP/1.1" 302 0
[06/May/2026 15:27:40] "GET /speaking/topics/2/ HTTP/1.1" 200 7819
[06/May/2026 15:27:43] "GET /speaking/questions/7/ HTTP/1.1" 200 7767
[06/May/2026 15:30:42] "POST /speaking/questions/7/answers/create/ HTTP/1.1" 302 0
[06/May/2026 15:30:43] "GET /speaking/questions/7/ HTTP/1.1" 200 8236
[06/May/2026 15:32:35] "POST /speaking/questions/7/answers/create/ HTTP/1.1" 302 0
[06/May/2026 15:32:36] "GET /speaking/questions/7/ HTTP/1.1" 200 8860
[06/May/2026 15:32:41] "GET /speaking/topics/2/ HTTP/1.1" 200 7822
[06/May/2026 15:32:42] "GET /speaking/topics/2/questions/create/ HTTP/1.1" 200 8334
[06/May/2026 15:37:13] "POST /speaking/topics/2/questions/create/ HTTP/1.1" 302 0
[06/May/2026 15:37:13] "GET /speaking/topics/2/ HTTP/1.1" 200 8253
[06/May/2026 15:37:16] "GET /speaking/questions/8/ HTTP/1.1" 200 7795
[06/May/2026 15:37:27] "POST /speaking/questions/8/answers/create/ HTTP/1.1" 302 0
[06/May/2026 15:37:28] "GET /speaking/questions/8/ HTTP/1.1" 200 8342
[06/May/2026 15:37:34] "POST /speaking/questions/8/answers/create/ HTTP/1.1" 302 0
[06/May/2026 15:37:35] "GET /speaking/questions/8/ HTTP/1.1" 200 9053
[06/May/2026 15:38:37] "GET /speaking/topics/2/ HTTP/1.1" 200 8256
[06/May/2026 15:38:38] "GET /speaking/topics/2/questions/create/ HTTP/1.1" 200 8334
[06/May/2026 15:40:02] "POST /speaking/topics/2/questions/create/ HTTP/1.1" 302 0
[06/May/2026 15:40:02] "GET /speaking/topics/2/ HTTP/1.1" 200 8669
[06/May/2026 15:40:11] "GET /speaking/questions/9/ HTTP/1.1" 200 7777
[06/May/2026 15:40:16] "GET /speaking/topics/2/ HTTP/1.1" 200 8669
[06/May/2026 15:40:18] "GET /speaking/topics/ HTTP/1.1" 200 7293
[06/May/2026 15:40:30] "GET /speaking/questions/8/ HTTP/1.1" 200 9053
[06/May/2026 15:40:32] "GET / HTTP/1.1" 200 10204
[06/May/2026 15:40:35] "GET /admin/ HTTP/1.1" 200 14935
[06/May/2026 15:40:36] "GET /static/admin/img/icon-info-dark.svg HTTP/1.1" 200 630
[06/May/2026 15:40:39] "GET /admin/speaking/speakingquestion/ HTTP/1.1" 200 24545
[06/May/2026 15:40:40] "GET /static/admin/css/changelists.css HTTP/1.1" 200 7498
[06/May/2026 15:40:40] "GET /static/admin/js/vendor/jquery/jquery.js HTTP/1.1" 200 285314
[06/May/2026 15:40:40] "GET /admin/jsi18n/ HTTP/1.1" 200 3342
[06/May/2026 15:40:40] "GET /static/admin/js/admin/RelatedObjectLookups.js HTTP/1.1" 200 9777
[06/May/2026 15:40:40] "GET /static/admin/js/jquery.init.js HTTP/1.1" 200 347
[06/May/2026 15:40:40] "GET /static/admin/js/core.js HTTP/1.1" 200 6208
[06/May/2026 15:40:40] "GET /static/admin/js/actions.js HTTP/1.1" 200 8076
[06/May/2026 15:40:40] "GET /static/admin/js/urlify.js HTTP/1.1" 200 7887
[06/May/2026 15:40:40] "GET /static/admin/js/prepopulate.js HTTP/1.1" 200 1531
[06/May/2026 15:40:40] "GET /static/admin/js/filters.js HTTP/1.1" 200 978
[06/May/2026 15:40:40] "GET /static/admin/js/vendor/xregexp/xregexp.js HTTP/1.1" 200 325171
[06/May/2026 15:40:41] "GET /static/admin/img/search.svg HTTP/1.1" 200 607
[06/May/2026 15:40:42] "GET /static/admin/img/icon-yes.svg HTTP/1.1" 200 558
[06/May/2026 15:40:42] "GET /static/admin/img/tooltag-add.svg HTTP/1.1" 200 593
[06/May/2026 15:40:42] "GET /static/admin/img/icon-viewlink.svg HTTP/1.1" 200 928
[06/May/2026 15:40:42] "GET /static/admin/img/sorting-icons.svg HTTP/1.1" 200 1761
[06/May/2026 15:41:00] "GET /admin/speaking/speakingquestion/5/change/ HTTP/1.1" 200 22044
[06/May/2026 15:41:00] "GET /static/admin/css/forms.css HTTP/1.1" 200 8831
[06/May/2026 15:41:00] "GET /static/admin/js/calendar.js HTTP/1.1" 200 9159
[06/May/2026 15:41:00] "GET /admin/jsi18n/ HTTP/1.1" 200 3342
[06/May/2026 15:41:00] "GET /static/admin/js/admin/DateTimeShortcuts.js HTTP/1.1" 200 19698
[06/May/2026 15:41:00] "GET /static/admin/js/change_form.js HTTP/1.1" 200 606
[06/May/2026 15:41:00] "GET /static/admin/js/prepopulate_init.js HTTP/1.1" 200 586
[06/May/2026 15:41:01] "GET /static/admin/css/widgets.css HTTP/1.1" 200 11811
[06/May/2026 15:41:01] "GET /static/admin/img/icon-clock.svg HTTP/1.1" 200 805
[06/May/2026 15:41:01] "GET /static/admin/img/icon-calendar.svg HTTP/1.1" 200 1112
[06/May/2026 15:41:12] "POST /admin/speaking/speakingquestion/5/change/ HTTP/1.1" 302 0
[06/May/2026 15:41:12] "GET /admin/speaking/speakingquestion/ HTTP/1.1" 200 24796
[06/May/2026 15:41:13] "GET /admin/jsi18n/ HTTP/1.1" 200 3342
[06/May/2026 15:41:14] "GET /static/admin/img/icon-yes-dark.svg HTTP/1.1" 200 558
[06/May/2026 15:41:19] "GET /admin/speaking/speakingquestion/7/change/ HTTP/1.1" 200 21996
[06/May/2026 15:41:20] "GET /admin/jsi18n/ HTTP/1.1" 200 3342
[06/May/2026 15:41:29] "POST /admin/speaking/speakingquestion/7/change/ HTTP/1.1" 302 0
[06/May/2026 15:41:30] "GET /admin/speaking/speakingquestion/ HTTP/1.1" 200 24784
[06/May/2026 15:41:30] "GET /admin/jsi18n/ HTTP/1.1" 200 3342
[06/May/2026 15:41:52] "GET /admin/speaking/speakingquestion/7/change/ HTTP/1.1" 200 21996
[06/May/2026 15:41:52] "GET /admin/jsi18n/ HTTP/1.1" 200 3342
[06/May/2026 15:42:02] "POST /admin/speaking/speakingquestion/7/change/ HTTP/1.1" 302 0
[06/May/2026 15:42:02] "GET /admin/speaking/speakingquestion/ HTTP/1.1" 200 24784
[06/May/2026 15:42:03] "GET /admin/jsi18n/ HTTP/1.1" 200 3342
[06/May/2026 15:42:07] "GET /admin/speaking/speakingquestion/6/change/ HTTP/1.1" 200 22172
[06/May/2026 15:42:08] "GET /admin/jsi18n/ HTTP/1.1" 200 3342
[06/May/2026 15:42:12] "POST /admin/speaking/speakingquestion/6/change/ HTTP/1.1" 302 0
[06/May/2026 15:42:13] "GET /admin/speaking/speakingquestion/ HTTP/1.1" 200 24790
[06/May/2026 15:42:13] "GET /admin/jsi18n/ HTTP/1.1" 200 3342
[06/May/2026 15:42:17] "GET /admin/speaking/speakingquestion/9/change/ HTTP/1.1" 200 22036
[06/May/2026 15:42:18] "GET /admin/jsi18n/ HTTP/1.1" 200 3342
[06/May/2026 15:42:23] "POST /admin/speaking/speakingquestion/9/change/ HTTP/1.1" 302 0
[06/May/2026 15:42:24] "GET /admin/speaking/speakingquestion/ HTTP/1.1" 200 24794
[06/May/2026 15:42:24] "GET /admin/jsi18n/ HTTP/1.1" 200 3342
[06/May/2026 15:42:27] "GET /admin/speaking/speakingquestion/ HTTP/1.1" 200 24545
[06/May/2026 15:42:27] "GET /admin/jsi18n/ HTTP/1.1" 200 3342
[06/May/2026 15:42:30] "GET / HTTP/1.1" 200 10204
[06/May/2026 15:42:32] "GET /speaking/topics/ HTTP/1.1" 200 7293
[06/May/2026 15:42:34] "GET /speaking/topics/2/ HTTP/1.1" 200 8669
[06/May/2026 15:42:37] "GET /speaking/questions/9/ HTTP/1.1" 200 7777
[06/May/2026 15:47:52] "POST /speaking/questions/9/answers/create/ HTTP/1.1" 302 0
[06/May/2026 15:47:52] "GET /speaking/questions/9/ HTTP/1.1" 200 8416
[06/May/2026 15:48:05] "POST /speaking/questions/9/answers/create/ HTTP/1.1" 302 0
[06/May/2026 15:48:06] "GET /speaking/questions/9/ HTTP/1.1" 200 9148
[06/May/2026 15:49:09] "GET /speaking/topics/2/ HTTP/1.1" 200 8672
[07/May/2026 01:34:15] "GET /speaking/topics/2/questions/create/ HTTP/1.1" 200 8334
[07/May/2026 01:34:43] "POST /speaking/topics/2/questions/create/ HTTP/1.1" 302 0
[07/May/2026 01:34:43] "GET /speaking/topics/2/ HTTP/1.1" 200 9110
[07/May/2026 01:34:55] "GET /speaking/topics/ HTTP/1.1" 200 7293
[07/May/2026 01:34:57] "GET /admin/speaking/speakingquestion/ HTTP/1.1" 200 25201
[07/May/2026 01:34:58] "GET /admin/jsi18n/ HTTP/1.1" 200 3342
[07/May/2026 01:35:03] "GET /admin/speaking/speakingquestion/10/change/ HTTP/1.1" 200 22134
[07/May/2026 01:35:04] "GET /admin/jsi18n/ HTTP/1.1" 200 3342
[07/May/2026 01:35:10] "POST /admin/speaking/speakingquestion/10/change/ HTTP/1.1" 302 0
[07/May/2026 01:35:11] "GET /admin/speaking/speakingquestion/ HTTP/1.1" 200 25475
[07/May/2026 01:35:11] "GET /admin/jsi18n/ HTTP/1.1" 200 3342
[07/May/2026 01:35:13] "GET /speaking/topics/2/ HTTP/1.1" 200 9110
[07/May/2026 01:35:16] "GET /speaking/questions/10/ HTTP/1.1" 200 7802
[07/May/2026 01:40:33] "POST /speaking/questions/10/answers/create/ HTTP/1.1" 302 0
[07/May/2026 01:40:33] "GET /speaking/questions/10/ HTTP/1.1" 200 8414
[07/May/2026 01:41:04] "POST /speaking/questions/10/answers/create/ HTTP/1.1" 302 0
[07/May/2026 01:41:04] "GET /speaking/questions/10/ HTTP/1.1" 200 9150
[07/May/2026 01:41:06] "GET /speaking/topics/2/ HTTP/1.1" 200 9113
[07/May/2026 01:41:07] "GET /speaking/topics/2/questions/create/ HTTP/1.1" 200 8334
[07/May/2026 01:41:42] "POST /speaking/topics/2/questions/create/ HTTP/1.1" 302 0
[07/May/2026 01:41:42] "GET /speaking/topics/2/ HTTP/1.1" 200 9571
[07/May/2026 01:41:45] "GET /speaking/questions/11/ HTTP/1.1" 200 7822
[07/May/2026 01:45:35] "POST /speaking/questions/11/answers/create/ HTTP/1.1" 302 0
[07/May/2026 01:45:35] "GET /speaking/questions/11/ HTTP/1.1" 200 8414
[07/May/2026 01:45:37] "POST /speaking/questions/11/answers/create/ HTTP/1.1" 302 0
[07/May/2026 01:45:38] "GET /speaking/questions/11/ HTTP/1.1" 200 9128
[07/May/2026 09:37:27] "GET /speaking/topics/ HTTP/1.1" 200 7293
[07/May/2026 09:37:29] "GET /speaking/topics/2/ HTTP/1.1" 200 9574
[07/May/2026 09:37:31] "GET /speaking/questions/5/ HTTP/1.1" 200 8654
[07/May/2026 09:37:31] "GET /speaking/questions/5/ HTTP/1.1" 200 8654
[07/May/2026 09:41:32] "GET /speaking/topics/2/ HTTP/1.1" 200 9574
[07/May/2026 09:41:34] "GET /speaking/questions/6/ HTTP/1.1" 200 9128
[07/May/2026 10:40:05] "GET /speaking/topics/2/ HTTP/1.1" 200 9574
[07/May/2026 10:40:08] "GET /speaking/questions/5/ HTTP/1.1" 200 8654
[07/May/2026 10:40:48] "GET /speaking/questions/6/ HTTP/1.1" 200 9128
[07/May/2026 10:45:37] "GET /speaking/questions/7/ HTTP/1.1" 200 8860
[07/May/2026 10:50:59] "GET /speaking/questions/8/ HTTP/1.1" 200 9053
[07/May/2026 10:55:32] "GET /speaking/questions/9/ HTTP/1.1" 200 9148
[07/May/2026 12:00:16] "GET /speaking/topics/2/ HTTP/1.1" 200 9574
[07/May/2026 12:00:25] "GET /speaking/topics/2/questions/create/ HTTP/1.1" 200 8334
[07/May/2026 12:04:22] "POST /speaking/topics/2/questions/create/ HTTP/1.1" 302 0
[07/May/2026 12:04:23] "GET /speaking/topics/2/ HTTP/1.1" 200 10013
[07/May/2026 12:04:34] "GET /speaking/questions/12/ HTTP/1.1" 200 8004
[07/May/2026 12:19:18] "POST /speaking/questions/12/answers/create/ HTTP/1.1" 302 0
[07/May/2026 12:19:18] "GET /speaking/questions/12/ HTTP/1.1" 200 9743
[07/May/2026 12:19:31] "GET /speaking/topics/2/ HTTP/1.1" 200 10016
[07/May/2026 12:19:35] "GET /speaking/topics/2/questions/create/ HTTP/1.1" 200 8334
[07/May/2026 12:20:28] "POST /speaking/topics/2/questions/create/ HTTP/1.1" 302 0
[07/May/2026 12:20:29] "GET /speaking/topics/2/ HTTP/1.1" 200 10463
[07/May/2026 12:20:31] "GET /speaking/questions/13/ HTTP/1.1" 200 7811
[07/May/2026 12:23:39] "POST /speaking/questions/13/answers/create/ HTTP/1.1" 302 0
[07/May/2026 12:23:40] "GET /speaking/questions/13/ HTTP/1.1" 200 8420
[07/May/2026 12:23:42] "GET /speaking/topics/2/ HTTP/1.1" 200 10466
[07/May/2026 12:23:45] "GET /speaking/topics/2/questions/create/ HTTP/1.1" 200 8334
[07/May/2026 12:24:12] "POST /speaking/topics/2/questions/create/ HTTP/1.1" 302 0
[07/May/2026 12:24:12] "GET /speaking/topics/2/ HTTP/1.1" 200 10896
[07/May/2026 12:24:14] "GET /speaking/questions/14/ HTTP/1.1" 200 7793
[07/May/2026 12:26:42] "POST /speaking/questions/14/answers/create/ HTTP/1.1" 302 0
[07/May/2026 12:26:43] "GET /speaking/questions/14/ HTTP/1.1" 200 8413
[07/May/2026 12:26:47] "GET /speaking/topics/2/ HTTP/1.1" 200 10899
[07/May/2026 12:26:51] "GET /speaking/topics/2/questions/create/ HTTP/1.1" 200 8334
[07/May/2026 12:28:01] "POST /speaking/topics/2/questions/create/ HTTP/1.1" 302 0
[07/May/2026 12:28:01] "GET /speaking/topics/2/ HTTP/1.1" 200 11338
[07/May/2026 12:28:06] "GET /speaking/questions/15/ HTTP/1.1" 200 7802
[07/May/2026 12:30:54] "POST /speaking/questions/15/answers/create/ HTTP/1.1" 302 0
[07/May/2026 12:30:54] "GET /speaking/questions/15/ HTTP/1.1" 200 8417
[07/May/2026 12:31:25] "GET /speaking/topics/2/ HTTP/1.1" 200 11341
[07/May/2026 12:31:26] "GET /speaking/topics/2/ HTTP/1.1" 200 11341
[07/May/2026 12:31:33] "GET /speaking/topics/2/questions/create/ HTTP/1.1" 200 8334
[07/May/2026 12:32:18] "POST /speaking/topics/2/questions/create/ HTTP/1.1" 302 0
[07/May/2026 12:32:18] "GET /speaking/topics/2/ HTTP/1.1" 200 11791
[07/May/2026 12:32:32] "GET /speaking/questions/16/ HTTP/1.1" 200 7813
[07/May/2026 12:35:42] "POST /speaking/questions/16/answers/create/ HTTP/1.1" 302 0
[07/May/2026 12:35:43] "GET /speaking/questions/16/ HTTP/1.1" 200 8413
[07/May/2026 12:36:17] "GET /speaking/topics/2/ HTTP/1.1" 200 11794
[07/May/2026 12:36:19] "GET /speaking/topics/2/questions/create/ HTTP/1.1" 200 8334
[07/May/2026 12:36:48] "POST /speaking/topics/2/questions/create/ HTTP/1.1" 302 0
[07/May/2026 12:36:48] "GET /speaking/topics/2/ HTTP/1.1" 200 12242
[07/May/2026 12:36:53] "GET /speaking/questions/17/ HTTP/1.1" 200 7811
[07/May/2026 12:39:56] "POST /speaking/questions/17/answers/create/ HTTP/1.1" 302 0
[07/May/2026 12:39:56] "GET /speaking/questions/17/ HTTP/1.1" 200 8443
[07/May/2026 14:33:25] "GET /speaking/topics/2/ HTTP/1.1" 200 12245
[07/May/2026 14:33:29] "GET /speaking/topics/ HTTP/1.1" 200 7294
[07/May/2026 14:33:36] "GET /speaking/topics/create/ HTTP/1.1" 200 8111
[07/May/2026 14:33:53] "POST /speaking/topics/create/ HTTP/1.1" 302 0
[07/May/2026 14:33:53] "GET /speaking/topics/3/ HTTP/1.1" 200 6652
[07/May/2026 14:33:55] "GET /speaking/topics/ HTTP/1.1" 200 7647
[07/May/2026 14:33:57] "GET /speaking/topics/3/ HTTP/1.1" 200 6652
[07/May/2026 14:33:59] "GET /speaking/topics/3/questions/create/ HTTP/1.1" 200 8336
[07/May/2026 14:34:59] "POST /speaking/topics/3/questions/create/ HTTP/1.1" 302 0
[07/May/2026 14:34:59] "GET /speaking/topics/3/ HTTP/1.1" 200 6996
[07/May/2026 14:35:09] "GET /speaking/questions/18/ HTTP/1.1" 200 7774
[07/May/2026 14:37:16] "POST /speaking/questions/18/answers/create/ HTTP/1.1" 302 0
[07/May/2026 14:37:17] "GET /speaking/questions/18/ HTTP/1.1" 200 8243
[07/May/2026 14:37:20] "GET /speaking/topics/3/ HTTP/1.1" 200 6999
[07/May/2026 14:37:45] "GET /speaking/topics/3/questions/create/ HTTP/1.1" 200 8336
[07/May/2026 14:38:25] "POST /speaking/topics/3/questions/create/ HTTP/1.1" 302 0
[07/May/2026 14:38:25] "GET /speaking/topics/3/ HTTP/1.1" 200 7442
[07/May/2026 14:38:28] "GET /speaking/questions/19/ HTTP/1.1" 200 7809
[07/May/2026 14:40:15] "POST /speaking/questions/19/answers/create/ HTTP/1.1" 302 0
[07/May/2026 14:40:16] "GET /speaking/questions/19/ HTTP/1.1" 200 8298
[07/May/2026 14:44:18] "GET /speaking/topics/3/ HTTP/1.1" 200 7445
[07/May/2026 14:44:20] "GET /speaking/topics/3/questions/create/ HTTP/1.1" 200 8336
[07/May/2026 14:45:13] "POST /speaking/topics/3/questions/create/ HTTP/1.1" 302 0
[07/May/2026 14:45:13] "GET /speaking/topics/3/ HTTP/1.1" 200 7865
[07/May/2026 14:45:15] "GET /speaking/questions/20/ HTTP/1.1" 200 7786
[07/May/2026 14:47:11] "POST /speaking/questions/20/answers/create/ HTTP/1.1" 302 0
[07/May/2026 14:47:12] "GET /speaking/questions/20/ HTTP/1.1" 200 8285
[07/May/2026 14:47:35] "GET /speaking/topics/3/ HTTP/1.1" 200 7868
[07/May/2026 14:47:36] "GET /speaking/topics/3/questions/create/ HTTP/1.1" 200 8336
[07/May/2026 14:48:20] "POST /speaking/topics/3/questions/create/ HTTP/1.1" 302 0
[07/May/2026 14:48:20] "GET /speaking/topics/3/ HTTP/1.1" 200 8297
[07/May/2026 14:48:22] "GET /speaking/questions/21/ HTTP/1.1" 200 7795
[07/May/2026 14:51:02] "POST /speaking/questions/21/answers/create/ HTTP/1.1" 302 0
[07/May/2026 14:51:03] "GET /speaking/questions/21/ HTTP/1.1" 200 8267
[07/May/2026 14:51:05] "GET /speaking/topics/3/ HTTP/1.1" 200 8300
[07/May/2026 14:52:51] "GET /speaking/topics/3/questions/create/ HTTP/1.1" 200 8336
[07/May/2026 14:53:10] "POST /speaking/topics/3/questions/create/ HTTP/1.1" 302 0
[07/May/2026 14:53:10] "GET /speaking/topics/3/ HTTP/1.1" 200 8719
[07/May/2026 14:53:13] "GET /speaking/questions/22/ HTTP/1.1" 200 7785
[07/May/2026 14:55:32] "POST /speaking/questions/22/answers/create/ HTTP/1.1" 302 0
[07/May/2026 14:55:32] "GET /speaking/questions/22/ HTTP/1.1" 200 8286
[07/May/2026 14:55:35] "GET /speaking/topics/3/ HTTP/1.1" 200 8722
[07/May/2026 14:56:46] "GET /speaking/topics/ HTTP/1.1" 200 7647
[07/May/2026 14:56:50] "GET /speaking/topics/create/ HTTP/1.1" 200 8111
[07/May/2026 14:57:20] "POST /speaking/topics/create/ HTTP/1.1" 302 0
[07/May/2026 14:57:20] "GET /speaking/topics/4/ HTTP/1.1" 200 6680
[07/May/2026 14:57:24] "GET /speaking/topics/4/questions/create/ HTTP/1.1" 200 8364
[07/May/2026 14:59:21] "POST /speaking/topics/4/questions/create/ HTTP/1.1" 302 0
[07/May/2026 14:59:21] "GET /speaking/topics/4/ HTTP/1.1" 200 7062
[07/May/2026 14:59:28] "GET /speaking/questions/23/ HTTP/1.1" 200 8078
[07/May/2026 15:20:44] "POST /speaking/questions/23/answers/create/ HTTP/1.1" 302 0
[07/May/2026 15:20:44] "GET /speaking/questions/23/ HTTP/1.1" 200 9720
[08/May/2026 01:33:38] "GET /speaking/topics/4/ HTTP/1.1" 200 7065
[08/May/2026 01:33:41] "GET /speaking/topics/4/ HTTP/1.1" 200 7065
[08/May/2026 01:33:46] "GET /speaking/topics/4/questions/create/ HTTP/1.1" 200 8364
[08/May/2026 01:34:16] "POST /speaking/topics/4/questions/create/ HTTP/1.1" 302 0
[08/May/2026 01:34:16] "GET /speaking/topics/4/ HTTP/1.1" 200 7495
[08/May/2026 01:34:18] "GET /speaking/questions/24/ HTTP/1.1" 200 7824
[08/May/2026 01:38:26] "POST /speaking/questions/24/answers/create/ HTTP/1.1" 302 0
[08/May/2026 01:38:26] "GET /speaking/questions/24/ HTTP/1.1" 200 8415
[08/May/2026 01:38:34] "GET /speaking/topics/4/ HTTP/1.1" 200 7498
[08/May/2026 01:38:36] "GET /speaking/topics/4/questions/create/ HTTP/1.1" 200 8364
[08/May/2026 01:39:16] "POST /speaking/topics/4/questions/create/ HTTP/1.1" 302 0
[08/May/2026 01:39:16] "GET /speaking/topics/4/ HTTP/1.1" 200 7938
[08/May/2026 01:39:20] "GET /speaking/questions/25/ HTTP/1.1" 200 7834
[08/May/2026 01:42:05] "POST /speaking/questions/25/answers/create/ HTTP/1.1" 302 0
[08/May/2026 01:42:06] "GET /speaking/questions/25/ HTTP/1.1" 200 8444
[08/May/2026 01:42:10] "GET /speaking/topics/4/ HTTP/1.1" 200 7941
[08/May/2026 01:42:11] "GET /speaking/topics/4/questions/create/ HTTP/1.1" 200 8364
[08/May/2026 01:43:23] "POST /speaking/topics/4/questions/create/ HTTP/1.1" 302 0
[08/May/2026 01:43:23] "GET /speaking/topics/4/ HTTP/1.1" 200 8377
[08/May/2026 01:43:25] "GET /speaking/questions/26/ HTTP/1.1" 200 7830
[08/May/2026 01:46:35] "POST /speaking/questions/26/answers/create/ HTTP/1.1" 302 0
[08/May/2026 01:46:35] "GET /speaking/questions/26/ HTTP/1.1" 200 8457
[08/May/2026 01:46:38] "GET /speaking/topics/4/ HTTP/1.1" 200 8380
[08/May/2026 01:46:45] "GET /speaking/topics/4/questions/create/ HTTP/1.1" 200 8364
[08/May/2026 01:47:27] "POST /speaking/topics/4/questions/create/ HTTP/1.1" 302 0
[08/May/2026 01:47:28] "GET /speaking/topics/4/ HTTP/1.1" 200 8838
[08/May/2026 01:47:38] "GET /speaking/questions/27/ HTTP/1.1" 200 7852
[08/May/2026 01:50:25] "POST /speaking/questions/27/answers/create/ HTTP/1.1" 302 0
[08/May/2026 01:50:25] "GET /speaking/questions/27/ HTTP/1.1" 200 8466
[08/May/2026 01:50:27] "GET /speaking/topics/4/ HTTP/1.1" 200 8841
[08/May/2026 01:50:59] "GET /speaking/topics/4/questions/create/ HTTP/1.1" 200 8364
[08/May/2026 01:51:29] "POST /speaking/topics/4/questions/create/ HTTP/1.1" 302 0
[08/May/2026 01:51:29] "GET /speaking/topics/4/ HTTP/1.1" 200 9286
[08/May/2026 01:51:33] "GET /speaking/questions/28/ HTTP/1.1" 200 7839
[08/May/2026 01:51:33] "GET /speaking/questions/28/ HTTP/1.1" 200 7839
[08/May/2026 01:54:28] "POST /speaking/questions/28/answers/create/ HTTP/1.1" 302 0
[08/May/2026 01:54:28] "GET /speaking/questions/28/ HTTP/1.1" 200 8463
[08/May/2026 05:38:27] "GET /speaking/topics/4/ HTTP/1.1" 200 9289
[08/May/2026 05:38:34] "GET /speaking/topics/ HTTP/1.1" 200 8065
[08/May/2026 05:38:54] "GET /speaking/topics/create/ HTTP/1.1" 200 8111
[08/May/2026 05:39:01] "POST /speaking/topics/create/ HTTP/1.1" 302 0
[08/May/2026 05:39:01] "GET /speaking/topics/5/ HTTP/1.1" 200 6648
[08/May/2026 05:39:03] "GET /speaking/topics/ HTTP/1.1" 200 8416
[08/May/2026 05:39:05] "GET /speaking/topics/create/ HTTP/1.1" 200 8111
[08/May/2026 05:39:10] "GET /speaking/topics/ HTTP/1.1" 200 8416
[08/May/2026 05:39:13] "GET /speaking/topics/5/ HTTP/1.1" 200 6648
[08/May/2026 05:39:14] "GET /speaking/topics/5/questions/create/ HTTP/1.1" 200 8332
[08/May/2026 05:39:25] "POST /speaking/topics/5/questions/create/ HTTP/1.1" 302 0
[08/May/2026 05:39:26] "GET /speaking/topics/5/ HTTP/1.1" 200 6983
[08/May/2026 05:39:27] "GET /speaking/questions/29/ HTTP/1.1" 200 7761
[08/May/2026 05:40:56] "POST /speaking/questions/29/answers/create/ HTTP/1.1" 302 0
[08/May/2026 05:40:56] "GET /speaking/questions/29/ HTTP/1.1" 200 8237
[08/May/2026 05:41:18] "GET /speaking/topics/5/ HTTP/1.1" 200 6986
[08/May/2026 05:41:19] "GET /speaking/topics/5/questions/create/ HTTP/1.1" 200 8332
[08/May/2026 05:41:31] "POST /speaking/topics/5/questions/create/ HTTP/1.1" 302 0
[08/May/2026 05:41:31] "GET /speaking/topics/5/ HTTP/1.1" 200 7392
[08/May/2026 05:41:33] "GET /speaking/questions/30/ HTTP/1.1" 200 7768
[08/May/2026 05:42:55] "POST /speaking/questions/30/answers/create/ HTTP/1.1" 302 0
[08/May/2026 05:42:56] "GET /speaking/questions/30/ HTTP/1.1" 200 8242
[08/May/2026 05:43:25] "GET /speaking/topics/5/ HTTP/1.1" 200 7395
[08/May/2026 05:43:27] "GET /speaking/topics/5/questions/create/ HTTP/1.1" 200 8332
[08/May/2026 05:43:51] "POST /speaking/topics/5/questions/create/ HTTP/1.1" 302 0
[08/May/2026 05:43:51] "GET /speaking/topics/5/ HTTP/1.1" 200 7812
[08/May/2026 05:43:55] "GET /speaking/questions/31/ HTTP/1.1" 200 7779
[08/May/2026 05:45:37] "POST /speaking/questions/31/answers/create/ HTTP/1.1" 302 0
[08/May/2026 05:45:38] "GET /speaking/questions/31/ HTTP/1.1" 200 8284
[08/May/2026 05:46:01] "GET /speaking/topics/5/ HTTP/1.1" 200 7815
[08/May/2026 05:46:02] "GET /speaking/topics/5/questions/create/ HTTP/1.1" 200 8332
[08/May/2026 05:46:21] "POST /speaking/topics/5/questions/create/ HTTP/1.1" 302 0
[08/May/2026 05:46:21] "GET /speaking/topics/5/ HTTP/1.1" 200 8227
[08/May/2026 05:46:25] "GET /speaking/questions/32/ HTTP/1.1" 200 7774
[08/May/2026 05:47:31] "POST /speaking/questions/32/answers/create/ HTTP/1.1" 302 0
[08/May/2026 05:47:31] "GET /speaking/questions/32/ HTTP/1.1" 200 8236
[08/May/2026 05:47:34] "GET /speaking/topics/5/ HTTP/1.1" 200 8230
[08/May/2026 05:47:37] "GET /speaking/topics/5/questions/create/ HTTP/1.1" 200 8332
[08/May/2026 05:48:03] "POST /speaking/topics/5/questions/create/ HTTP/1.1" 302 0
[08/May/2026 05:48:03] "GET /speaking/topics/5/ HTTP/1.1" 200 8651
[08/May/2026 05:48:06] "GET /speaking/questions/33/ HTTP/1.1" 200 7783
[08/May/2026 05:48:06] "GET /speaking/questions/33/ HTTP/1.1" 200 7783
[08/May/2026 05:49:17] "POST /speaking/questions/33/answers/create/ HTTP/1.1" 302 0
[08/May/2026 05:49:17] "GET /speaking/questions/33/ HTTP/1.1" 200 8229
[08/May/2026 05:49:21] "GET /speaking/topics/5/ HTTP/1.1" 200 8654
[08/May/2026 05:49:25] "GET /speaking/topics/5/questions/create/ HTTP/1.1" 200 8332
[08/May/2026 05:49:46] "POST /speaking/topics/5/questions/create/ HTTP/1.1" 302 0
[08/May/2026 05:49:47] "GET /speaking/topics/5/ HTTP/1.1" 200 9078
[08/May/2026 05:49:49] "GET /speaking/questions/34/ HTTP/1.1" 200 7786
[08/May/2026 05:49:49] "GET /speaking/questions/34/ HTTP/1.1" 200 7786
[08/May/2026 05:51:05] "POST /speaking/questions/34/answers/create/ HTTP/1.1" 302 0
[08/May/2026 05:51:06] "GET /speaking/questions/34/ HTTP/1.1" 200 8258
[08/May/2026 05:51:38] "GET /speaking/topics/5/ HTTP/1.1" 200 9081
[08/May/2026 05:51:39] "GET /speaking/topics/ HTTP/1.1" 200 8416
[08/May/2026 05:51:42] "GET /speaking/topics/create/ HTTP/1.1" 200 8111
[08/May/2026 05:52:03] "POST /speaking/topics/create/ HTTP/1.1" 302 0
[08/May/2026 05:52:04] "GET /speaking/topics/6/ HTTP/1.1" 200 6678
[08/May/2026 05:52:06] "GET /speaking/topics/ HTTP/1.1" 200 8782
[08/May/2026 05:52:08] "GET /speaking/topics/6/ HTTP/1.1" 200 6678
[08/May/2026 05:52:09] "GET /speaking/topics/6/questions/create/ HTTP/1.1" 200 8362
[08/May/2026 05:53:09] "POST /speaking/topics/6/questions/create/ HTTP/1.1" 302 0
[08/May/2026 05:53:09] "GET /speaking/topics/6/ HTTP/1.1" 200 7038
[08/May/2026 05:53:10] "GET /speaking/questions/35/ HTTP/1.1" 200 8025
[08/May/2026 06:07:05] "POST /speaking/questions/35/answers/create/ HTTP/1.1" 302 0
[08/May/2026 06:07:05] "GET /speaking/questions/35/ HTTP/1.1" 200 9757
[08/May/2026 09:43:09] "GET /admin/speaking/speakingquestion/ HTTP/1.1" 200 41608
[08/May/2026 09:43:09] "GET /admin/jsi18n/ HTTP/1.1" 200 3342
[08/May/2026 09:43:10] "GET /static/admin/img/icon-addlink.svg HTTP/1.1" 200 593
[08/May/2026 11:25:12] "GET /speaking/questions/6/ HTTP/1.1" 200 9128
[08/May/2026 11:25:15] "GET /speaking/questions/6/ HTTP/1.1" 200 9128
[08/May/2026 11:25:16] "GET /speaking/topics/2/ HTTP/1.1" 200 12245
[08/May/2026 11:25:19] "GET /speaking/topics/ HTTP/1.1" 200 8782
[08/May/2026 11:25:28] "GET /speaking/topics/3/ HTTP/1.1" 200 8722
[08/May/2026 11:26:07] "GET /speaking/questions/18/ HTTP/1.1" 200 8243
[08/May/2026 11:39:25] "GET /speaking/topics/3/ HTTP/1.1" 200 8722
[08/May/2026 11:39:27] "GET /speaking/questions/19/ HTTP/1.1" 200 8298
[08/May/2026 11:39:34] "GET /speaking/questions/19/ HTTP/1.1" 200 8298
[08/May/2026 11:50:19] "GET /speaking/questions/20/ HTTP/1.1" 200 8285
[08/May/2026 11:57:52] "GET /speaking/questions/21/ HTTP/1.1" 200 8267
[08/May/2026 12:03:20] "GET /speaking/questions/22/ HTTP/1.1" 200 8286
[08/May/2026 14:24:45] "GET /speaking/topics/6/ HTTP/1.1" 200 7041
[08/May/2026 14:24:47] "GET /speaking/topics/ HTTP/1.1" 200 8782
[08/May/2026 14:27:14] "GET /admin/speaking/speakingquestion/?topic__id__exact=6 HTTP/1.1" 200 20754
[08/May/2026 14:27:14] "GET /admin/jsi18n/ HTTP/1.1" 200 3342
[08/May/2026 14:27:19] "GET /admin/speaking/speakingquestion/35/change/?_changelist_filters=topic__id__exact%3D6 HTTP/1.1" 200 22511
[08/May/2026 14:27:20] "GET /admin/jsi18n/ HTTP/1.1" 200 3342
[08/May/2026 14:27:35] "GET /admin/speaking/speakingtopic/6/change/?_to_field=id&_popup=1 HTTP/1.1" 200 13965
[08/May/2026 14:27:36] "GET /admin/jsi18n/ HTTP/1.1" 200 3342
[08/May/2026 14:27:36] "GET /static/admin/js/inlines.js HTTP/1.1" 200 15628
[08/May/2026 14:27:36] "GET /static/admin/img/inline-delete.svg HTTP/1.1" 200 651
[08/May/2026 14:27:52] "POST /admin/speaking/speakingtopic/6/change/?_to_field=id&_popup=1 HTTP/1.1" 200 418
[08/May/2026 14:27:52] "GET /static/admin/js/popup_response.js HTTP/1.1" 200 532
[08/May/2026 14:28:01] "GET /speaking/topics/4/ HTTP/1.1" 200 9289
[08/May/2026 14:28:02] "GET /speaking/topics/ HTTP/1.1" 200 8775
[08/May/2026 14:28:04] "GET /speaking/topics/6/ HTTP/1.1" 200 7027
[08/May/2026 14:28:33] "GET /admin/speaking/speakingtopic/6/change/?_to_field=id&_popup=1 HTTP/1.1" 200 13944
[08/May/2026 14:28:34] "GET /admin/jsi18n/ HTTP/1.1" 200 3342
[08/May/2026 14:28:44] "POST /admin/speaking/speakingtopic/6/change/?_to_field=id&_popup=1 HTTP/1.1" 200 421
[08/May/2026 14:28:50] "POST /admin/speaking/speakingquestion/35/change/?_changelist_filters=topic__id__exact%3D6 HTTP/1.1" 302 0
[08/May/2026 14:28:50] "GET /admin/speaking/speakingquestion/?topic__id__exact=6 HTTP/1.1" 200 21006
[08/May/2026 14:28:50] "GET /admin/jsi18n/ HTTP/1.1" 200 3342
[08/May/2026 14:28:56] "GET /speaking/topics/ HTTP/1.1" 200 8778
[08/May/2026 14:28:58] "GET /speaking/topics/6/ HTTP/1.1" 200 7033
[08/May/2026 14:28:59] "GET /speaking/topics/6/questions/create/ HTTP/1.1" 200 8354
[08/May/2026 14:30:08] "POST /speaking/topics/6/questions/create/ HTTP/1.1" 302 0
[08/May/2026 14:30:08] "GET /speaking/topics/6/ HTTP/1.1" 200 7502
[08/May/2026 14:30:11] "GET /speaking/questions/36/ HTTP/1.1" 200 7853
[08/May/2026 14:35:52] "POST /speaking/questions/36/answers/create/ HTTP/1.1" 302 0
[08/May/2026 14:35:53] "GET /speaking/questions/36/ HTTP/1.1" 200 8427
[08/May/2026 14:35:55] "GET /speaking/topics/6/ HTTP/1.1" 200 7505
[08/May/2026 14:35:56] "GET /speaking/topics/6/questions/create/ HTTP/1.1" 200 8354
[08/May/2026 14:36:31] "POST /speaking/topics/6/questions/create/ HTTP/1.1" 302 0
[08/May/2026 14:36:32] "GET /speaking/topics/6/ HTTP/1.1" 200 7944
[08/May/2026 14:36:33] "GET /speaking/questions/37/ HTTP/1.1" 200 7823
[08/May/2026 14:40:09] "POST /speaking/questions/37/answers/create/ HTTP/1.1" 302 0
[08/May/2026 14:40:09] "GET /speaking/questions/37/ HTTP/1.1" 200 8401
[08/May/2026 14:40:11] "GET /speaking/topics/6/ HTTP/1.1" 200 7947
[08/May/2026 14:40:12] "GET /speaking/topics/6/questions/create/ HTTP/1.1" 200 8354
[08/May/2026 14:40:47] "POST /speaking/topics/6/questions/create/ HTTP/1.1" 302 0
[08/May/2026 14:40:47] "GET /speaking/topics/6/ HTTP/1.1" 200 8373
[08/May/2026 14:41:02] "GET /speaking/questions/38/ HTTP/1.1" 200 7810
[08/May/2026 14:43:53] "POST /speaking/questions/38/answers/create/ HTTP/1.1" 302 0
[08/May/2026 14:43:53] "GET /speaking/questions/38/ HTTP/1.1" 200 8377
[08/May/2026 14:44:21] "GET /speaking/topics/6/ HTTP/1.1" 200 8376
[08/May/2026 14:44:22] "GET /speaking/topics/6/questions/create/ HTTP/1.1" 200 8354
[08/May/2026 14:45:38] "POST /speaking/topics/6/questions/create/ HTTP/1.1" 302 0
[08/May/2026 14:45:39] "GET /speaking/topics/6/ HTTP/1.1" 200 8829
[08/May/2026 14:45:55] "GET /speaking/questions/39/ HTTP/1.1" 200 7837
[08/May/2026 14:50:45] "POST /speaking/questions/39/answers/create/ HTTP/1.1" 302 0
[08/May/2026 14:50:45] "GET /speaking/questions/39/ HTTP/1.1" 200 8493
[08/May/2026 14:50:49] "GET /speaking/topics/6/ HTTP/1.1" 200 8832
[08/May/2026 14:50:51] "GET /speaking/topics/6/questions/create/ HTTP/1.1" 200 8354
[08/May/2026 14:52:13] "POST /speaking/topics/6/questions/create/ HTTP/1.1" 302 0
[08/May/2026 14:52:13] "GET /speaking/topics/6/ HTTP/1.1" 200 9274
[08/May/2026 14:52:16] "GET /speaking/questions/40/ HTTP/1.1" 200 7826
[08/May/2026 14:54:49] "POST /speaking/questions/40/answers/create/ HTTP/1.1" 302 0
[08/May/2026 14:54:49] "GET /speaking/questions/40/ HTTP/1.1" 200 8431
[08/May/2026 14:59:43] "GET /speaking/topics/6/ HTTP/1.1" 200 9277
Watching for file changes with StatReloader
[11/May/2026 01:29:58] "GET /speaking/topics/ HTTP/1.1" 200 8778
Not Found: /apple-touch-icon-precomposed.png
[11/May/2026 01:29:59] "GET /apple-touch-icon-precomposed.png HTTP/1.1" 404 3430
Not Found: /apple-touch-icon.png
[11/May/2026 01:29:59] "GET /apple-touch-icon.png HTTP/1.1" 404 3394
[11/May/2026 06:42:51] "GET / HTTP/1.1" 302 0
[11/May/2026 06:42:52] "GET /admin/login/?next=/ HTTP/1.1" 200 4068
[11/May/2026 09:01:04] "GET / HTTP/1.1" 302 0
[11/May/2026 09:01:04] "GET /admin/login/?next=/ HTTP/1.1" 200 4068
[11/May/2026 09:01:04] "GET /static/admin/css/base.css HTTP/1.1" 200 23100
[11/May/2026 09:01:05] "GET /static/admin/css/dark_mode.css HTTP/1.1" 200 3538
[11/May/2026 09:01:05] "GET /static/admin/css/login.css HTTP/1.1" 200 951
[11/May/2026 09:01:05] "GET /static/admin/js/nav_sidebar.js HTTP/1.1" 200 3063
[11/May/2026 09:01:05] "GET /static/admin/css/nav_sidebar.css HTTP/1.1" 200 2810
[11/May/2026 09:01:05] "GET /static/admin/js/theme.js HTTP/1.1" 200 1653
[11/May/2026 09:01:05] "GET /speaking/topics/ HTTP/1.1" 200 8778
[11/May/2026 09:01:12] "GET /speaking/topics/5/ HTTP/1.1" 200 9081
[11/May/2026 09:01:13] "GET /speaking/questions/29/ HTTP/1.1" 200 8237
[11/May/2026 09:10:01] "GET /speaking/questions/30/ HTTP/1.1" 200 8242
[11/May/2026 09:19:38] "GET /speaking/topics/5/ HTTP/1.1" 200 9081
[11/May/2026 09:19:42] "GET /speaking/questions/32/ HTTP/1.1" 200 8236
[11/May/2026 09:21:31] "GET /speaking/questions/32/ HTTP/1.1" 200 8236
[11/May/2026 09:25:45] "GET /speaking/questions/33/ HTTP/1.1" 200 8229
[11/May/2026 11:34:09] "GET /speaking/topics/create/ HTTP/1.1" 200 8111
[11/May/2026 11:34:20] "POST /speaking/topics/create/ HTTP/1.1" 302 0
[11/May/2026 11:34:20] "GET /speaking/topics/7/ HTTP/1.1" 200 6672
[11/May/2026 11:34:22] "GET /speaking/topics/7/questions/create/ HTTP/1.1" 200 8356
[11/May/2026 11:34:38] "POST /speaking/topics/7/questions/create/ HTTP/1.1" 302 0
[11/May/2026 11:34:38] "GET /speaking/topics/7/ HTTP/1.1" 200 7023
[11/May/2026 11:34:43] "GET /speaking/questions/41/ HTTP/1.1" 200 7801
[11/May/2026 11:37:08] "POST /speaking/questions/41/answers/create/ HTTP/1.1" 302 0
[11/May/2026 11:37:08] "GET /speaking/questions/41/ HTTP/1.1" 200 8266
[11/May/2026 11:37:12] "GET /speaking/topics/7/ HTTP/1.1" 200 7026
[11/May/2026 11:37:13] "GET /speaking/topics/7/questions/create/ HTTP/1.1" 200 8356
[11/May/2026 11:37:26] "POST /speaking/topics/7/questions/create/ HTTP/1.1" 302 0
[11/May/2026 11:37:26] "GET /speaking/topics/7/ HTTP/1.1" 200 7430
[11/May/2026 11:37:31] "GET /speaking/questions/42/ HTTP/1.1" 200 7790
[11/May/2026 11:39:25] "POST /speaking/questions/42/answers/create/ HTTP/1.1" 302 0
[11/May/2026 11:39:25] "GET /speaking/questions/42/ HTTP/1.1" 200 8300
[11/May/2026 11:39:28] "GET /speaking/topics/7/ HTTP/1.1" 200 7433
[11/May/2026 11:39:42] "GET /speaking/topics/7/questions/create/ HTTP/1.1" 200 8356
[11/May/2026 11:40:34] "POST /speaking/topics/7/questions/create/ HTTP/1.1" 302 0
[11/May/2026 11:40:34] "GET /speaking/topics/7/ HTTP/1.1" 200 7867
[11/May/2026 11:40:36] "GET /speaking/questions/43/ HTTP/1.1" 200 7820
[11/May/2026 11:42:36] "POST /speaking/questions/43/answers/create/ HTTP/1.1" 302 0
[11/May/2026 11:42:36] "GET /speaking/questions/43/ HTTP/1.1" 200 8306
[11/May/2026 11:42:41] "GET /speaking/topics/7/ HTTP/1.1" 200 7870
[11/May/2026 11:43:08] "GET /speaking/topics/7/questions/create/ HTTP/1.1" 200 8356
[11/May/2026 11:43:33] "POST /speaking/topics/7/questions/create/ HTTP/1.1" 302 0
[11/May/2026 11:43:34] "GET /speaking/topics/7/ HTTP/1.1" 200 8292
[11/May/2026 11:43:36] "GET /speaking/questions/44/ HTTP/1.1" 200 7808
[11/May/2026 11:45:13] "POST /speaking/questions/44/answers/create/ HTTP/1.1" 302 0
[11/May/2026 11:45:13] "GET /speaking/questions/44/ HTTP/1.1" 200 8264
[11/May/2026 11:45:16] "GET /speaking/topics/7/ HTTP/1.1" 200 8295
[11/May/2026 11:45:18] "GET /speaking/topics/7/questions/create/ HTTP/1.1" 200 8356
[11/May/2026 11:46:02] "POST /speaking/topics/7/questions/create/ HTTP/1.1" 302 0
[11/May/2026 11:46:02] "GET /speaking/topics/7/ HTTP/1.1" 200 8728
[11/May/2026 11:46:06] "GET /speaking/questions/45/ HTTP/1.1" 200 7819
[11/May/2026 11:47:37] "POST /speaking/questions/45/answers/create/ HTTP/1.1" 302 0
[11/May/2026 11:47:37] "GET /speaking/questions/45/ HTTP/1.1" 200 8292
[11/May/2026 11:47:42] "GET /speaking/topics/7/ HTTP/1.1" 200 8731
[11/May/2026 11:47:43] "GET /speaking/topics/7/questions/create/ HTTP/1.1" 200 8356
[11/May/2026 11:48:23] "POST /speaking/topics/7/questions/create/ HTTP/1.1" 302 0
[11/May/2026 11:48:23] "GET /speaking/topics/7/ HTTP/1.1" 200 9155
[11/May/2026 11:48:26] "GET /speaking/questions/46/ HTTP/1.1" 200 7810
[11/May/2026 11:50:41] "POST /speaking/questions/46/answers/create/ HTTP/1.1" 302 0
[11/May/2026 11:50:42] "GET /speaking/questions/46/ HTTP/1.1" 200 8276
[11/May/2026 11:51:44] "GET /speaking/topics/7/ HTTP/1.1" 200 9158
[11/May/2026 11:51:48] "GET /speaking/topics/ HTTP/1.1" 200 9141
[11/May/2026 11:51:51] "GET /speaking/topics/create/ HTTP/1.1" 200 8111
[11/May/2026 11:52:25] "POST /speaking/topics/create/ HTTP/1.1" 302 0
[11/May/2026 11:52:26] "GET /speaking/topics/8/ HTTP/1.1" 200 6680
[11/May/2026 11:52:27] "GET /speaking/topics/8/questions/create/ HTTP/1.1" 200 8364
[11/May/2026 11:53:32] "POST /speaking/topics/8/questions/create/ HTTP/1.1" 302 0
[11/May/2026 11:53:32] "GET /speaking/topics/8/ HTTP/1.1" 200 7031
[11/May/2026 11:53:37] "GET /speaking/questions/47/ HTTP/1.1" 200 8043
[11/May/2026 12:12:58] "POST /speaking/questions/47/answers/create/ HTTP/1.1" 302 0
[11/May/2026 12:12:58] "GET /speaking/questions/47/ HTTP/1.1" 200 9877
[11/May/2026 13:06:49] "GET / HTTP/1.1" 302 0
[11/May/2026 13:06:49] "GET /admin/login/?next=/ HTTP/1.1" 200 4068
[11/May/2026 13:06:49] "GET /static/admin/css/base.css HTTP/1.1" 200 23100
[11/May/2026 13:06:49] "GET /static/admin/css/dark_mode.css HTTP/1.1" 200 3538
[11/May/2026 13:06:50] "GET /static/admin/css/nav_sidebar.css HTTP/1.1" 200 2810
[11/May/2026 13:06:50] "GET /static/admin/js/nav_sidebar.js HTTP/1.1" 200 3063
[11/May/2026 13:06:50] "GET /static/admin/css/login.css HTTP/1.1" 200 951
[11/May/2026 13:06:50] "GET /static/admin/js/theme.js HTTP/1.1" 200 1653
[11/May/2026 13:06:50] "GET /static/admin/css/responsive.css HTTP/1.1" 200 16273
Not Found: /favicon.ico
[11/May/2026 13:06:50] "GET /favicon.ico HTTP/1.1" 404 3367
[11/May/2026 13:06:58] "POST /admin/login/?next=/ HTTP/1.1" 302 0
[11/May/2026 13:06:58] "GET / HTTP/1.1" 200 10204
[11/May/2026 13:07:07] "GET /words/ HTTP/1.1" 200 130151
[11/May/2026 13:07:10] "GET /words/32/ HTTP/1.1" 200 11030
[11/May/2026 13:07:23] "GET /words/ HTTP/1.1" 200 130151
[11/May/2026 13:07:31] "GET /words/ HTTP/1.1" 200 130151
[11/May/2026 13:07:33] "GET /words/ HTTP/1.1" 200 130151
[11/May/2026 13:07:38] "GET /speaking/topics/ HTTP/1.1" 200 9508
[11/May/2026 13:07:41] "GET /speaking/topics/3/ HTTP/1.1" 200 8722
[11/May/2026 13:07:46] "GET /speaking/questions/18/ HTTP/1.1" 200 8243
[11/May/2026 13:08:06] "GET /speaking/topics/3/ HTTP/1.1" 200 8722
[11/May/2026 13:08:09] "GET /speaking/topics/ HTTP/1.1" 200 9508
[11/May/2026 13:08:30] "GET /writing/ HTTP/1.1" 200 14799
[11/May/2026 13:08:34] "GET /writing/11/edit/ HTTP/1.1" 200 12797
[11/May/2026 13:08:37] "GET /writing/ HTTP/1.1" 200 14799
[11/May/2026 13:08:38] "GET /writing/11/ HTTP/1.1" 200 14040
[11/May/2026 13:09:00] "GET /writing/ HTTP/1.1" 200 14799
[11/May/2026 13:09:07] "GET /speaking/topics/ HTTP/1.1" 200 9508
[11/May/2026 13:09:13] "GET /speaking/topics/1/ HTTP/1.1" 200 8266
[11/May/2026 13:09:18] "GET /speaking/questions/1/ HTTP/1.1" 200 9005
[11/May/2026 13:09:43] "GET /speaking/topics/1/ HTTP/1.1" 200 8266
[11/May/2026 13:09:46] "GET /speaking/questions/2/ HTTP/1.1" 200 8879
[11/May/2026 13:10:04] "GET /speaking/topics/1/ HTTP/1.1" 200 8266
[11/May/2026 13:10:07] "GET /speaking/questions/3/ HTTP/1.1" 200 9111
[11/May/2026 13:10:20] "GET /speaking/topics/1/ HTTP/1.1" 200 8266
[11/May/2026 13:10:24] "GET /speaking/questions/4/ HTTP/1.1" 200 9199
[11/May/2026 13:11:05] "GET /speaking/topics/1/ HTTP/1.1" 200 8266
[11/May/2026 13:12:34] "GET /phrases/ HTTP/1.1" 200 11207
[11/May/2026 13:13:11] "GET /synonyms/ HTTP/1.1" 200 12350
[11/May/2026 13:13:19] "GET /practice/ HTTP/1.1" 200 8370
[11/May/2026 13:13:21] "GET /practice/run/?type=random&limit=10 HTTP/1.1" 200 13916
[11/May/2026 13:13:22] "GET /static/js/practice.js HTTP/1.1" 200 2406
[11/May/2026 13:13:33] "POST /practice/submit/ HTTP/1.1" 200 176
[11/May/2026 13:13:49] "POST /practice/submit/ HTTP/1.1" 200 175
[11/May/2026 13:13:57] "POST /practice/submit/ HTTP/1.1" 200 229
[11/May/2026 13:14:14] "POST /practice/submit/ HTTP/1.1" 200 179
[11/May/2026 13:14:37] "POST /practice/submit/ HTTP/1.1" 200 161
[11/May/2026 13:15:09] "POST /practice/submit/ HTTP/1.1" 200 188
[11/May/2026 13:15:24] "POST /practice/submit/ HTTP/1.1" 200 167
[11/May/2026 13:15:59] "POST /practice/submit/ HTTP/1.1" 200 161
[11/May/2026 13:16:26] "GET /practice/run/?type=random&limit=10 HTTP/1.1" 200 13855
[11/May/2026 13:16:35] "GET /practice/run/?type=wrongbook&limit=10 HTTP/1.1" 200 13843
[11/May/2026 13:16:38] "POST /practice/submit/ HTTP/1.1" 200 179
[11/May/2026 13:17:11] "POST /practice/submit/ HTTP/1.1" 200 179
[11/May/2026 13:17:52] "POST /practice/submit/ HTTP/1.1" 200 175
[11/May/2026 13:17:54] "POST /practice/submit/ HTTP/1.1" 200 175
[11/May/2026 13:17:56] "POST /practice/submit/ HTTP/1.1" 200 176
[11/May/2026 13:18:22] "POST /practice/submit/ HTTP/1.1" 200 148
[11/May/2026 13:18:25] "POST /practice/submit/ HTTP/1.1" 200 149
[11/May/2026 13:19:09] "POST /practice/submit/ HTTP/1.1" 200 151
[11/May/2026 13:19:10] "POST /practice/submit/ HTTP/1.1" 200 151
[11/May/2026 13:19:13] "POST /practice/submit/ HTTP/1.1" 200 151
[11/May/2026 13:19:18] "POST /practice/submit/ HTTP/1.1" 200 150
[11/May/2026 13:19:50] "POST /practice/submit/ HTTP/1.1" 200 159
[11/May/2026 13:20:02] "POST /practice/submit/ HTTP/1.1" 200 159
[11/May/2026 13:20:03] "POST /practice/submit/ HTTP/1.1" 200 159
[11/May/2026 16:31:35] code 400, message Bad request version ('\xc0#\xc0\xac\xc0\xae\xc0+\xc0')
[11/May/2026 16:31:35] You're accessing the development server over HTTPS, but it only supports HTTP.
[11/May/2026 16:31:38] "GET / HTTP/1.1" 302 0
[11/May/2026 16:34:16] "GET /admin/login/?next=/ HTTP/1.1" 200 4068
Not Found: /favicon.ico
[11/May/2026 16:34:19] "GET /favicon.ico HTTP/1.1" 404 3367
Not Found: /favicon.ico
[11/May/2026 16:36:16] "GET /favicon.ico HTTP/1.1" 404 3367
[11/May/2026 18:02:21] code 400, message Bad request syntax ('SSH-2.0-Go')
[11/May/2026 18:02:21] "SSH-2.0-Go" 400 -
[11/May/2026 22:20:22] "GET / HTTP/1.1" 302 0
[11/May/2026 22:20:22] "GET /admin/login/?next=/ HTTP/1.1" 200 4068
Not Found: /favicon.ico
[11/May/2026 22:20:22] "GET /favicon.ico HTTP/1.1" 404 3367
Not Found: /favicon.ico
[11/May/2026 22:20:22] "GET /favicon.ico HTTP/1.1" 404 3367
/home/singularsquare2017/work/word_echo/word_echo/settings.py changed, reloading.
Performing system checks...

System check identified no issues (0 silenced).
May 11, 2026 - 01:29:49
Django version 6.0.3, using settings 'word_echo.settings'
Starting development server at http://0.0.0.0:12345/
Quit the server with CONTROL-C.

WARNING: This is a development server. Do not use it in a production setting. Use a production WSGI or ASGI server instead.
For more information on production servers see: https://docs.djangoproject.com/en/6.0/howto/deployment/
Watching for file changes with StatReloader
Exception in thread django-main-thread:
Traceback (most recent call last):
  File "/home/singularsquare2017/work/word_echo/python_venv/lib/python3.12/site-packages/django/apps/config.py", line 210, in create
    app_module = import_module(app_name)
                 ^^^^^^^^^^^^^^^^^^^^^^^
  File "/usr/lib/python3.12/importlib/__init__.py", line 90, in import_module
    return _bootstrap._gcd_import(name[level:], package, level)
           ^^^^^^^^^^^^^^^^^^^^^^^^^^^^^^^^^^^^^^^^^^^^^^^^^^^^
  File "<frozen importlib._bootstrap>", line 1387, in _gcd_import
  File "<frozen importlib._bootstrap>", line 1360, in _find_and_load
  File "<frozen importlib._bootstrap>", line 1324, in _find_and_load_unlocked
ModuleNotFoundError: No module named 'primary_dictation'

During handling of the above exception, another exception occurred:

Traceback (most recent call last):
  File "/usr/lib/python3.12/threading.py", line 1073, in _bootstrap_inner
    self.run()
  File "/usr/lib/python3.12/threading.py", line 1010, in run
    self._target(*self._args, **self._kwargs)
  File "/home/singularsquare2017/work/word_echo/python_venv/lib/python3.12/site-packages/django/utils/autoreload.py", line 64, in wrapper
    fn(*args, **kwargs)
  File "/home/singularsquare2017/work/word_echo/python_venv/lib/python3.12/site-packages/django/core/management/commands/runserver.py", line 124, in inner_run
    autoreload.raise_last_exception()
  File "/home/singularsquare2017/work/word_echo/python_venv/lib/python3.12/site-packages/django/utils/autoreload.py", line 86, in raise_last_exception
    raise _exception[1]
  File "/home/singularsquare2017/work/word_echo/python_venv/lib/python3.12/site-packages/django/core/management/__init__.py", line 395, in execute
    autoreload.check_errors(django.setup)()
  File "/home/singularsquare2017/work/word_echo/python_venv/lib/python3.12/site-packages/django/utils/autoreload.py", line 64, in wrapper
    fn(*args, **kwargs)
  File "/home/singularsquare2017/work/word_echo/python_venv/lib/python3.12/site-packages/django/__init__.py", line 24, in setup
    apps.populate(settings.INSTALLED_APPS)
  File "/home/singularsquare2017/work/word_echo/python_venv/lib/python3.12/site-packages/django/apps/registry.py", line 91, in populate
    app_config = AppConfig.create(entry)
                 ^^^^^^^^^^^^^^^^^^^^^^^
  File "/home/singularsquare2017/work/word_echo/python_venv/lib/python3.12/site-packages/django/apps/config.py", line 212, in create
    raise ImproperlyConfigured(
django.core.exceptions.ImproperlyConfigured: Cannot import 'primary_dictation'. Check that 'apps.primary_dictation.apps.PrimaryDictationConfig.name' is correct.
/home/singularsquare2017/work/word_echo/apps/primary_dictation/apps.py changed, reloading.
Watching for file changes with StatReloader
/home/singularsquare2017/work/word_echo/word_echo/settings.py changed, reloading.
Performing system checks...

System check identified no issues (0 silenced).
May 12, 2026 - 13:31:01
Django version 6.0.3, using settings 'word_echo.settings'
Starting development server at http://0.0.0.0:12345/
Quit the server with CONTROL-C.

WARNING: This is a development server. Do not use it in a production setting. Use a production WSGI or ASGI server instead.
For more information on production servers see: https://docs.djangoproject.com/en/6.0/howto/deployment/
Watching for file changes with StatReloader
Exception in thread django-main-thread:
Traceback (most recent call last):
  File "/usr/lib/python3.12/threading.py", line 1073, in _bootstrap_inner
    self.run()
  File "/usr/lib/python3.12/threading.py", line 1010, in run
    self._target(*self._args, **self._kwargs)
  File "/home/singularsquare2017/work/word_echo/python_venv/lib/python3.12/site-packages/django/utils/autoreload.py", line 64, in wrapper
    fn(*args, **kwargs)
  File "/home/singularsquare2017/work/word_echo/python_venv/lib/python3.12/site-packages/django/core/management/commands/runserver.py", line 124, in inner_run
    autoreload.raise_last_exception()
  File "/home/singularsquare2017/work/word_echo/python_venv/lib/python3.12/site-packages/django/utils/autoreload.py", line 86, in raise_last_exception
    raise _exception[1]
  File "/home/singularsquare2017/work/word_echo/python_venv/lib/python3.12/site-packages/django/core/management/__init__.py", line 395, in execute
    autoreload.check_errors(django.setup)()
  File "/home/singularsquare2017/work/word_echo/python_venv/lib/python3.12/site-packages/django/utils/autoreload.py", line 64, in wrapper
    fn(*args, **kwargs)
  File "/home/singularsquare2017/work/word_echo/python_venv/lib/python3.12/site-packages/django/__init__.py", line 24, in setup
    apps.populate(settings.INSTALLED_APPS)
  File "/home/singularsquare2017/work/word_echo/python_venv/lib/python3.12/site-packages/django/apps/registry.py", line 91, in populate
    app_config = AppConfig.create(entry)
                 ^^^^^^^^^^^^^^^^^^^^^^^
  File "/home/singularsquare2017/work/word_echo/python_venv/lib/python3.12/site-packages/django/apps/config.py", line 193, in create
    import_module(entry)
  File "/usr/lib/python3.12/importlib/__init__.py", line 90, in import_module
    return _bootstrap._gcd_import(name[level:], package, level)
           ^^^^^^^^^^^^^^^^^^^^^^^^^^^^^^^^^^^^^^^^^^^^^^^^^^^^
  File "<frozen importlib._bootstrap>", line 1387, in _gcd_import
  File "<frozen importlib._bootstrap>", line 1360, in _find_and_load
  File "<frozen importlib._bootstrap>", line 1310, in _find_and_load_unlocked
  File "<frozen importlib._bootstrap>", line 488, in _call_with_frames_removed
  File "<frozen importlib._bootstrap>", line 1387, in _gcd_import
  File "<frozen importlib._bootstrap>", line 1360, in _find_and_load
  File "<frozen importlib._bootstrap>", line 1319, in _find_and_load_unlocked
ModuleNotFoundError: No module named 'apps.primary_dictation.apps.PrimaryDictationConfigapps'; 'apps.primary_dictation.apps' is not a package
/home/singularsquare2017/work/word_echo/word_echo/settings.py changed, reloading.
Watching for file changes with StatReloader
Exception in thread django-main-thread:
Traceback (most recent call last):
  File "/usr/lib/python3.12/threading.py", line 1073, in _bootstrap_inner
    self.run()
  File "/usr/lib/python3.12/threading.py", line 1010, in run
    self._target(*self._args, **self._kwargs)
  File "/home/singularsquare2017/work/word_echo/python_venv/lib/python3.12/site-packages/django/utils/autoreload.py", line 64, in wrapper
    fn(*args, **kwargs)
  File "/home/singularsquare2017/work/word_echo/python_venv/lib/python3.12/site-packages/django/core/management/commands/runserver.py", line 124, in inner_run
    autoreload.raise_last_exception()
  File "/home/singularsquare2017/work/word_echo/python_venv/lib/python3.12/site-packages/django/utils/autoreload.py", line 86, in raise_last_exception
    raise _exception[1]
  File "/home/singularsquare2017/work/word_echo/python_venv/lib/python3.12/site-packages/django/core/management/__init__.py", line 395, in execute
    autoreload.check_errors(django.setup)()
  File "/home/singularsquare2017/work/word_echo/python_venv/lib/python3.12/site-packages/django/utils/autoreload.py", line 64, in wrapper
    fn(*args, **kwargs)
  File "/home/singularsquare2017/work/word_echo/python_venv/lib/python3.12/site-packages/django/__init__.py", line 24, in setup
    apps.populate(settings.INSTALLED_APPS)
  File "/home/singularsquare2017/work/word_echo/python_venv/lib/python3.12/site-packages/django/apps/registry.py", line 93, in populate
    raise ImproperlyConfigured(
django.core.exceptions.ImproperlyConfigured: Application labels aren't unique, duplicates: primary_dictation
/home/singularsquare2017/work/word_echo/word_echo/settings.py changed, reloading.
Watching for file changes with StatReloader
Exception in thread django-main-thread:
Traceback (most recent call last):
  File "/usr/lib/python3.12/threading.py", line 1073, in _bootstrap_inner
    self.run()
  File "/usr/lib/python3.12/threading.py", line 1010, in run
    self._target(*self._args, **self._kwargs)
  File "/home/singularsquare2017/work/word_echo/python_venv/lib/python3.12/site-packages/django/utils/autoreload.py", line 64, in wrapper
    fn(*args, **kwargs)
  File "/home/singularsquare2017/work/word_echo/python_venv/lib/python3.12/site-packages/django/core/management/commands/runserver.py", line 124, in inner_run
    autoreload.raise_last_exception()
  File "/home/singularsquare2017/work/word_echo/python_venv/lib/python3.12/site-packages/django/utils/autoreload.py", line 86, in raise_last_exception
    raise _exception[1]
  File "/home/singularsquare2017/work/word_echo/python_venv/lib/python3.12/site-packages/django/core/management/__init__.py", line 395, in execute
    autoreload.check_errors(django.setup)()
  File "/home/singularsquare2017/work/word_echo/python_venv/lib/python3.12/site-packages/django/utils/autoreload.py", line 64, in wrapper
    fn(*args, **kwargs)
  File "/home/singularsquare2017/work/word_echo/python_venv/lib/python3.12/site-packages/django/__init__.py", line 24, in setup
    apps.populate(settings.INSTALLED_APPS)
  File "/home/singularsquare2017/work/word_echo/python_venv/lib/python3.12/site-packages/django/apps/registry.py", line 93, in populate
    raise ImproperlyConfigured(
django.core.exceptions.ImproperlyConfigured: Application labels aren't unique, duplicates: primary_dictation
/home/singularsquare2017/work/word_echo/word_echo/settings.py changed, reloading.
Watching for file changes with StatReloader
[12/May/2026 13:39:23] "GET /practice/run/?type=wrongbook&limit=10 HTTP/1.1" 302 0
[12/May/2026 13:39:24] "GET /admin/login/?next=/practice/run/%3Ftype%3Dwrongbook%26limit%3D10 HTTP/1.1" 200 4154
Not Found: /apple-touch-icon-152x152-precomposed.png
[12/May/2026 13:39:24] "GET /apple-touch-icon-152x152-precomposed.png HTTP/1.1" 404 3454
Not Found: /apple-touch-icon-152x152.png
[12/May/2026 13:39:24] "GET /apple-touch-icon-152x152.png HTTP/1.1" 404 3418
Not Found: /apple-touch-icon-precomposed.png
[12/May/2026 13:39:25] "GET /apple-touch-icon-precomposed.png HTTP/1.1" 404 3430
Not Found: /apple-touch-icon.png
[12/May/2026 13:39:25] "GET /apple-touch-icon.png HTTP/1.1" 404 3394
Not Found: /favicon.ico
[12/May/2026 13:39:25] "GET /favicon.ico HTTP/1.1" 404 3367
Not Found: /apple-touch-icon-152x152-precomposed.png
[12/May/2026 13:39:25] "GET /apple-touch-icon-152x152-precomposed.png HTTP/1.1" 404 3454
Not Found: /apple-touch-icon-152x152.png
[12/May/2026 13:39:26] "GET /apple-touch-icon-152x152.png HTTP/1.1" 404 3418
Not Found: /apple-touch-icon-precomposed.png
[12/May/2026 13:39:26] "GET /apple-touch-icon-precomposed.png HTTP/1.1" 404 3430
Not Found: /apple-touch-icon.png
[12/May/2026 13:39:26] "GET /apple-touch-icon.png HTTP/1.1" 404 3394
Not Found: /favicon.ico
[12/May/2026 13:39:26] "GET /favicon.ico HTTP/1.1" 404 3367
Watching for file changes with StatReloader
[12/May/2026 13:39:49] "GET / HTTP/1.1" 200 10566
Not Found: /primary-dictation/sets/
[12/May/2026 13:39:55] "GET /primary-dictation/sets/ HTTP/1.1" 404 3403
Performing system checks...

System check identified no issues (0 silenced).
May 12, 2026 - 13:39:40
Django version 6.0.3, using settings 'word_echo.settings'
Starting development server at http://0.0.0.0:12345/
Quit the server with CONTROL-C.

WARNING: This is a development server. Do not use it in a production setting. Use a production WSGI or ASGI server instead.
For more information on production servers see: https://docs.djangoproject.com/en/6.0/howto/deployment/
Watching for file changes with StatReloader
Not Found: /primary-dictation/sets/
[12/May/2026 13:45:30] "GET /primary-dictation/sets/ HTTP/1.1" 404 3403
[12/May/2026 13:45:37] "GET / HTTP/1.1" 200 10566
[12/May/2026 13:45:38] "GET / HTTP/1.1" 200 10566
Not Found: /primary-dictation/sets/
[12/May/2026 13:45:39] "GET /primary-dictation/sets/ HTTP/1.1" 404 3403
[12/May/2026 13:46:03] "GET / HTTP/1.1" 302 0
[12/May/2026 13:46:04] "GET /admin/login/?next=/ HTTP/1.1" 200 4068
[12/May/2026 13:46:05] "GET /static/admin/css/dark_mode.css HTTP/1.1" 200 3538
[12/May/2026 13:46:05] "GET /static/admin/css/nav_sidebar.css HTTP/1.1" 200 2810
[12/May/2026 13:46:05] "GET /static/admin/css/login.css HTTP/1.1" 200 951
[12/May/2026 13:46:05] "GET /static/admin/css/responsive.css HTTP/1.1" 200 16273
[12/May/2026 13:46:05] "GET /static/admin/js/theme.js HTTP/1.1" 200 1653
[12/May/2026 13:46:05] "GET /static/admin/css/base.css HTTP/1.1" 200 23100
[12/May/2026 13:46:06] "GET /static/admin/js/nav_sidebar.js HTTP/1.1" 200 3063
Not Found: /favicon.ico
[12/May/2026 13:46:07] "GET /favicon.ico HTTP/1.1" 404 3367
[12/May/2026 13:46:09] "POST /admin/login/?next=/ HTTP/1.1" 302 0
[12/May/2026 13:46:10] "GET / HTTP/1.1" 200 10566
Not Found: /primary-dictation/sets/
[12/May/2026 13:46:11] "GET /primary-dictation/sets/ HTTP/1.1" 404 3403
Not Found: /primary-dictation/sets/
[12/May/2026 13:46:24] "GET /primary-dictation/sets/ HTTP/1.1" 404 3403
/home/singularsquare2017/work/word_echo/word_echo/urls.py changed, reloading.
Performing system checks...

System check identified no issues (0 silenced).
May 12, 2026 - 13:45:28
Django version 6.0.3, using settings 'word_echo.settings'
Starting development server at http://0.0.0.0:12345/
Quit the server with CONTROL-C.

WARNING: This is a development server. Do not use it in a production setting. Use a production WSGI or ASGI server instead.
For more information on production servers see: https://docs.djangoproject.com/en/6.0/howto/deployment/
Watching for file changes with StatReloader
Performing system checks...

System check identified no issues (0 silenced).
May 12, 2026 - 13:47:29
Django version 6.0.3, using settings 'word_echo.settings'
Starting development server at http://0.0.0.0:12345/
Quit the server with CONTROL-C.

WARNING: This is a development server. Do not use it in a production setting. Use a production WSGI or ASGI server instead.
For more information on production servers see: https://docs.djangoproject.com/en/6.0/howto/deployment/
Watching for file changes with StatReloader
[12/May/2026 13:47:48] "GET /primary-dictation/sets/ HTTP/1.1" 200 9561
[12/May/2026 13:47:58] "GET /primary-dictation/sets/ HTTP/1.1" 200 9561
[12/May/2026 13:48:04] "GET /primary-dictation/sets/1/ HTTP/1.1" 200 24794
[12/May/2026 13:48:11] "GET /primary-dictation/sets/1/start/ HTTP/1.1" 302 0
[12/May/2026 13:48:11] "GET /primary-dictation/sessions/1/ HTTP/1.1" 200 99674
[12/May/2026 13:48:32] "POST /primary-dictation/sessions/1/submit/ HTTP/1.1" 302 0
[12/May/2026 13:48:32] "GET /primary-dictation/sessions/1/result/ HTTP/1.1" 200 95337
[12/May/2026 13:48:52] "GET /primary-dictation/sets/1/ HTTP/1.1" 200 24935
[12/May/2026 13:49:05] "GET / HTTP/1.1" 200 10566
[12/May/2026 13:49:38] "GET /primary-dictation/sets/ HTTP/1.1" 200 9561
[12/May/2026 13:50:00] "GET /primary-dictation/sets/ HTTP/1.1" 200 9561
[12/May/2026 13:50:19] "GET /primary-dictation/sets/1/ HTTP/1.1" 200 24935
Watching for file changes with StatReloader
[13/May/2026 11:30:00] "GET / HTTP/1.1" 302 0
[13/May/2026 11:30:00] "GET /admin/login/?next=/ HTTP/1.1" 200 4068
[13/May/2026 11:30:01] "GET /static/admin/js/theme.js HTTP/1.1" 304 0
[13/May/2026 11:30:01] "GET /static/admin/css/base.css HTTP/1.1" 304 0
[13/May/2026 11:30:01] "GET /static/admin/css/nav_sidebar.css HTTP/1.1" 304 0
[13/May/2026 11:30:01] "GET /static/admin/css/login.css HTTP/1.1" 304 0
[13/May/2026 11:30:01] "GET /static/admin/css/dark_mode.css HTTP/1.1" 304 0
[13/May/2026 11:30:01] "GET /static/admin/css/responsive.css HTTP/1.1" 304 0
[13/May/2026 11:30:01] "GET /static/admin/js/nav_sidebar.js HTTP/1.1" 304 0
Not Found: /favicon.ico
[13/May/2026 11:30:01] "GET /favicon.ico HTTP/1.1" 404 3528
[13/May/2026 11:30:06] "POST /admin/login/?next=/ HTTP/1.1" 302 0
[13/May/2026 11:30:06] "GET / HTTP/1.1" 200 10566
[13/May/2026 11:30:09] "GET /speaking/topics/ HTTP/1.1" 200 9508
[13/May/2026 11:31:36] "GET /speaking/topics/8/ HTTP/1.1" 200 7034
[13/May/2026 11:31:38] "GET /speaking/questions/47/ HTTP/1.1" 200 9877
[13/May/2026 11:31:51] "GET /speaking/topics/8/ HTTP/1.1" 200 7034
[13/May/2026 11:31:52] "GET /speaking/topics/8/questions/create/ HTTP/1.1" 200 8364
[13/May/2026 11:32:18] "POST /speaking/topics/8/questions/create/ HTTP/1.1" 302 0
[13/May/2026 11:32:18] "GET /speaking/topics/8/ HTTP/1.1" 200 7457
[13/May/2026 11:32:21] "GET /speaking/questions/48/ HTTP/1.1" 200 7817
[13/May/2026 11:32:21] "GET /speaking/questions/48/ HTTP/1.1" 200 7817
[13/May/2026 11:35:18] "POST /speaking/questions/48/answers/create/ HTTP/1.1" 302 0
[13/May/2026 11:35:19] "GET /speaking/questions/48/ HTTP/1.1" 200 8413
[13/May/2026 11:35:23] "GET /speaking/topics/8/ HTTP/1.1" 200 7460
[13/May/2026 11:35:48] "GET /speaking/topics/8/questions/create/ HTTP/1.1" 200 8364
[13/May/2026 11:36:34] "POST /speaking/topics/8/questions/create/ HTTP/1.1" 302 0
[13/May/2026 11:36:34] "GET /speaking/topics/8/ HTTP/1.1" 200 7930
[13/May/2026 11:36:35] "GET /speaking/questions/49/ HTTP/1.1" 200 7864
[13/May/2026 11:39:16] "POST /speaking/questions/49/answers/create/ HTTP/1.1" 302 0
[13/May/2026 11:39:16] "GET /speaking/questions/49/ HTTP/1.1" 200 8449
[13/May/2026 11:39:19] "GET /speaking/topics/8/ HTTP/1.1" 200 7933
[13/May/2026 11:39:38] "GET /speaking/topics/8/questions/create/ HTTP/1.1" 200 8364
[13/May/2026 11:40:44] "POST /speaking/topics/8/questions/create/ HTTP/1.1" 302 0
[13/May/2026 11:40:44] "GET /speaking/topics/8/ HTTP/1.1" 200 8402
[13/May/2026 11:40:46] "GET /speaking/questions/50/ HTTP/1.1" 200 7863
[13/May/2026 11:45:11] "POST /speaking/questions/50/answers/create/ HTTP/1.1" 302 0
[13/May/2026 11:45:12] "GET /speaking/questions/50/ HTTP/1.1" 200 8479
[13/May/2026 11:45:15] "GET /speaking/topics/8/ HTTP/1.1" 200 8405
[13/May/2026 11:45:17] "GET /speaking/topics/8/questions/create/ HTTP/1.1" 200 8364
[13/May/2026 11:46:18] "POST /speaking/topics/8/questions/create/ HTTP/1.1" 302 0
[13/May/2026 11:46:18] "GET /speaking/topics/8/ HTTP/1.1" 200 8832
[13/May/2026 11:46:19] "GET /speaking/questions/51/ HTTP/1.1" 200 7821
[13/May/2026 11:49:42] "POST /speaking/questions/51/answers/create/ HTTP/1.1" 302 0
[13/May/2026 11:49:42] "GET /speaking/questions/51/ HTTP/1.1" 200 8419
[13/May/2026 11:49:46] "GET /speaking/topics/8/ HTTP/1.1" 200 8835
[13/May/2026 11:49:47] "GET /speaking/topics/8/questions/create/ HTTP/1.1" 200 8364
[13/May/2026 11:50:32] "POST /speaking/topics/8/questions/create/ HTTP/1.1" 302 0
[13/May/2026 11:50:32] "GET /speaking/topics/8/ HTTP/1.1" 200 9250
[13/May/2026 11:50:35] "GET /speaking/questions/52/ HTTP/1.1" 200 7809
[13/May/2026 11:53:12] "POST /speaking/questions/52/answers/create/ HTTP/1.1" 302 0
[13/May/2026 11:53:13] "GET /speaking/questions/52/ HTTP/1.1" 200 8374
[13/May/2026 11:53:16] "GET /speaking/topics/8/ HTTP/1.1" 200 9253
[13/May/2026 11:53:24] "GET /speaking/topics/ HTTP/1.1" 200 9508
[13/May/2026 23:31:07] "GET / HTTP/1.1" 302 0
[13/May/2026 23:31:07] "GET /admin/login/?next=/ HTTP/1.1" 200 4068
[14/May/2026 04:49:47] "GET / HTTP/1.1" 302 0
[14/May/2026 04:49:47] "GET /admin/login/?next=/ HTTP/1.1" 200 4068
[14/May/2026 04:54:02] "GET / HTTP/1.1" 302 0
[14/May/2026 04:54:02] "GET /admin/login/?next=/ HTTP/1.1" 200 4068
/home/singularsquare2017/work/word_echo/word_echo/settings.py changed, reloading.
Performing system checks...

System check identified no issues (0 silenced).
May 13, 2026 - 11:29:55
Django version 6.0.3, using settings 'word_echo.settings'
Starting development server at http://0.0.0.0:12345/
Quit the server with CONTROL-C.

WARNING: This is a development server. Do not use it in a production setting. Use a production WSGI or ASGI server instead.
For more information on production servers see: https://docs.djangoproject.com/en/6.0/howto/deployment/
Watching for file changes with StatReloader
/home/singularsquare2017/work/word_echo/jianpu/models.py changed, reloading.
Performing system checks...

System check identified no issues (0 silenced).
May 16, 2026 - 10:55:32
Django version 6.0.3, using settings 'word_echo.settings'
Starting development server at http://0.0.0.0:12345/
Quit the server with CONTROL-C.

WARNING: This is a development server. Do not use it in a production setting. Use a production WSGI or ASGI server instead.
For more information on production servers see: https://docs.djangoproject.com/en/6.0/howto/deployment/
Watching for file changes with StatReloader
/home/singularsquare2017/work/word_echo/jianpu/admin.py changed, reloading.
Performing system checks...

System check identified no issues (0 silenced).
May 16, 2026 - 10:56:09
Django version 6.0.3, using settings 'word_echo.settings'
Starting development server at http://0.0.0.0:12345/
Quit the server with CONTROL-C.

WARNING: This is a development server. Do not use it in a production setting. Use a production WSGI or ASGI server instead.
For more information on production servers see: https://docs.djangoproject.com/en/6.0/howto/deployment/
Watching for file changes with StatReloader
/home/singularsquare2017/work/word_echo/word_echo/urls.py changed, reloading.
Performing system checks...

System check identified no issues (0 silenced).
May 16, 2026 - 10:56:26
Django version 6.0.3, using settings 'word_echo.settings'
Starting development server at http://0.0.0.0:12345/
Quit the server with CONTROL-C.

WARNING: This is a development server. Do not use it in a production setting. Use a production WSGI or ASGI server instead.
For more information on production servers see: https://docs.djangoproject.com/en/6.0/howto/deployment/
Watching for file changes with StatReloader
Watching for file changes with StatReloader
[16/May/2026 10:59:28] "GET /jianpu HTTP/1.1" 301 0
[16/May/2026 10:59:28] "GET /jianpu/ HTTP/1.1" 200 2211
Not Found: /favicon.ico
[16/May/2026 10:59:29] "GET /favicon.ico HTTP/1.1" 404 3678
[16/May/2026 10:59:31] "GET /jianpu/new/ HTTP/1.1" 302 0
[16/May/2026 10:59:31] "GET /jianpu/1/ HTTP/1.1" 200 20989
[16/May/2026 10:59:59] "GET /jianpu/new/ HTTP/1.1" 302 0
[16/May/2026 11:00:00] "GET /jianpu/2/ HTTP/1.1" 200 20989
/home/singularsquare2017/work/word_echo/jianpu/models.py changed, reloading.
Performing system checks...

System check identified no issues (0 silenced).
May 16, 2026 - 10:59:09
Django version 6.0.3, using settings 'word_echo.settings'
Starting development server at http://0.0.0.0:12345/
Quit the server with CONTROL-C.

WARNING: This is a development server. Do not use it in a production setting. Use a production WSGI or ASGI server instead.
For more information on production servers see: https://docs.djangoproject.com/en/6.0/howto/deployment/
Watching for file changes with StatReloader
/home/singularsquare2017/work/word_echo/jianpu/admin.py changed, reloading.
Performing system checks...

System check identified no issues (0 silenced).
May 16, 2026 - 11:01:56
Django version 6.0.3, using settings 'word_echo.settings'
Starting development server at http://0.0.0.0:12345/
Quit the server with CONTROL-C.

WARNING: This is a development server. Do not use it in a production setting. Use a production WSGI or ASGI server instead.
For more information on production servers see: https://docs.djangoproject.com/en/6.0/howto/deployment/
Watching for file changes with StatReloader
/home/singularsquare2017/work/word_echo/jianpu/views.py changed, reloading.
Performing system checks...

System check identified no issues (0 silenced).
May 16, 2026 - 11:02:14
Django version 6.0.3, using settings 'word_echo.settings'
Starting development server at http://0.0.0.0:12345/
Quit the server with CONTROL-C.

WARNING: This is a development server. Do not use it in a production setting. Use a production WSGI or ASGI server instead.
For more information on production servers see: https://docs.djangoproject.com/en/6.0/howto/deployment/
Watching for file changes with StatReloader
/home/singularsquare2017/work/word_echo/jianpu/urls.py changed, reloading.
Performing system checks...

System check identified no issues (0 silenced).
May 16, 2026 - 11:02:34
Django version 6.0.3, using settings 'word_echo.settings'
Starting development server at http://0.0.0.0:12345/
Quit the server with CONTROL-C.

WARNING: This is a development server. Do not use it in a production setting. Use a production WSGI or ASGI server instead.
For more information on production servers see: https://docs.djangoproject.com/en/6.0/howto/deployment/
Watching for file changes with StatReloader
[16/May/2026 11:06:03] "GET /jianpu/2/ HTTP/1.1" 200 33900
[16/May/2026 11:06:39] "GET /jianpu/new/ HTTP/1.1" 302 0
[16/May/2026 11:06:40] "GET /jianpu/3/ HTTP/1.1" 200 33900
[16/May/2026 11:07:57] "GET /jianpu HTTP/1.1" 301 0
[16/May/2026 11:07:58] "GET /jianpu/ HTTP/1.1" 200 4748
Not Found: /favicon.ico
[16/May/2026 11:07:58] "GET /favicon.ico HTTP/1.1" 404 3678
[16/May/2026 11:08:03] "GET /jianpu/new/ HTTP/1.1" 302 0
[16/May/2026 11:08:04] "GET /jianpu/4/ HTTP/1.1" 200 33900
Forbidden (CSRF cookie not set.): /jianpu/4/delete/
[16/May/2026 11:08:54] "POST /jianpu/4/delete/ HTTP/1.1" 403 2855
[16/May/2026 11:08:59] "GET /jianpu/new/template/twinkle/ HTTP/1.1" 302 0
[16/May/2026 11:08:59] "GET /jianpu/5/ HTTP/1.1" 200 31930
[16/May/2026 11:09:43] "GET /jianpu HTTP/1.1" 301 0
[16/May/2026 11:09:43] "GET /jianpu/ HTTP/1.1" 200 5954
[16/May/2026 11:22:00] "GET /jianpu/3/ HTTP/1.1" 200 34194
[16/May/2026 11:22:32] "GET / HTTP/1.1" 302 0
[16/May/2026 11:22:33] "GET /admin/login/?next=/ HTTP/1.1" 200 4068
[16/May/2026 11:22:33] "GET /static/admin/js/theme.js HTTP/1.1" 200 1653
[16/May/2026 11:22:33] "GET /static/admin/js/nav_sidebar.js HTTP/1.1" 200 3063
[16/May/2026 11:22:33] "GET /static/admin/css/nav_sidebar.css HTTP/1.1" 200 2810
[16/May/2026 11:22:33] "GET /static/admin/css/base.css HTTP/1.1" 200 23100
[16/May/2026 11:22:33] "GET /static/admin/css/login.css HTTP/1.1" 200 951
[16/May/2026 11:22:33] "GET /static/admin/css/dark_mode.css HTTP/1.1" 200 3538
[16/May/2026 11:22:34] "GET /static/admin/js/nav_sidebar.js HTTP/1.1" 200 3063
[16/May/2026 11:22:34] "GET /static/admin/js/theme.js HTTP/1.1" 200 1653
[16/May/2026 11:22:34] "GET /static/admin/css/nav_sidebar.css HTTP/1.1" 200 2810
[16/May/2026 11:22:34] "GET /static/admin/css/responsive.css HTTP/1.1" 200 16273
Not Found: /favicon.ico
[16/May/2026 11:22:35] "GET /favicon.ico HTTP/1.1" 404 3678
[16/May/2026 11:22:44] "POST /admin/login/?next=/ HTTP/1.1" 302 0
[16/May/2026 11:22:45] "GET / HTTP/1.1" 200 10566
[16/May/2026 11:22:51] "GET / HTTP/1.1" 200 10566
[16/May/2026 11:22:56] "GET /jianpu HTTP/1.1" 301 0
[16/May/2026 11:22:57] "GET /jianpu/ HTTP/1.1" 200 5954
[16/May/2026 11:23:00] "GET /jianpu/5/ HTTP/1.1" 200 32224
[16/May/2026 11:25:03] "GET /jianpu/5/ HTTP/1.1" 200 32224
Not Found: /favicon.ico
[16/May/2026 11:25:04] "GET /favicon.ico HTTP/1.1" 404 3678
[16/May/2026 11:30:15] "GET /jianpu/5/ HTTP/1.1" 200 33257
Forbidden (CSRF cookie not set.): /jianpu/5/save/
[16/May/2026 11:30:45] "POST /jianpu/5/save/ HTTP/1.1" 403 2855
[16/May/2026 11:30:47] "GET /jianpu/5/print/ HTTP/1.1" 200 17457
Not Found: /favicon.ico
[16/May/2026 11:31:14] "GET /favicon.ico HTTP/1.1" 404 3678
[16/May/2026 11:32:19] "GET /jianpu/5/print/ HTTP/1.1" 200 17457
Forbidden (CSRF cookie not set.): /jianpu/5/save/
[16/May/2026 11:32:24] "POST /jianpu/5/save/ HTTP/1.1" 403 2855
[16/May/2026 11:32:24] "GET /jianpu/5/print/ HTTP/1.1" 200 17457
/home/singularsquare2017/work/word_echo/jianpu/views.py changed, reloading.
Performing system checks...

System check identified no issues (0 silenced).
May 16, 2026 - 11:02:59
Django version 6.0.3, using settings 'word_echo.settings'
Starting development server at http://0.0.0.0:12345/
Quit the server with CONTROL-C.

WARNING: This is a development server. Do not use it in a production setting. Use a production WSGI or ASGI server instead.
For more information on production servers see: https://docs.djangoproject.com/en/6.0/howto/deployment/
Watching for file changes with StatReloader
/home/singularsquare2017/work/word_echo/jianpu/views.py changed, reloading.
Performing system checks...

System check identified no issues (0 silenced).
May 16, 2026 - 11:33:16
Django version 6.0.3, using settings 'word_echo.settings'
Starting development server at http://0.0.0.0:12345/
Quit the server with CONTROL-C.

WARNING: This is a development server. Do not use it in a production setting. Use a production WSGI or ASGI server instead.
For more information on production servers see: https://docs.djangoproject.com/en/6.0/howto/deployment/
Watching for file changes with StatReloader
/home/singularsquare2017/work/word_echo/jianpu/views.py changed, reloading.
Performing system checks...

System check identified no issues (0 silenced).
May 16, 2026 - 11:33:40
Django version 6.0.3, using settings 'word_echo.settings'
Starting development server at http://0.0.0.0:12345/
Quit the server with CONTROL-C.

WARNING: This is a development server. Do not use it in a production setting. Use a production WSGI or ASGI server instead.
For more information on production servers see: https://docs.djangoproject.com/en/6.0/howto/deployment/
Watching for file changes with StatReloader
[16/May/2026 11:37:07] "GET /jianpu/5/ HTTP/1.1" 200 33257
[16/May/2026 11:37:16] "GET /jianpu/5/print/ HTTP/1.1" 200 17457
Forbidden (CSRF cookie not set.): /jianpu/5/save/
[16/May/2026 11:37:23] "POST /jianpu/5/save/ HTTP/1.1" 403 2855
[16/May/2026 11:37:24] "GET /jianpu/5/print/ HTTP/1.1" 200 17457
Performing system checks...

System check identified no issues (0 silenced).
May 16, 2026 - 11:36:20
Django version 6.0.3, using settings 'word_echo.settings'
Starting development server at http://0.0.0.0:12345/
Quit the server with CONTROL-C.

WARNING: This is a development server. Do not use it in a production setting. Use a production WSGI or ASGI server instead.
For more information on production servers see: https://docs.djangoproject.com/en/6.0/howto/deployment/
Watching for file changes with StatReloader
[16/May/2026 11:40:04] "GET /jianpu/5/ HTTP/1.1" 200 33257
Forbidden (CSRF cookie not set.): /jianpu/5/save/
[16/May/2026 11:40:09] "POST /jianpu/5/save/ HTTP/1.1" 403 2855
[16/May/2026 11:40:11] "GET /jianpu/5/print/ HTTP/1.1" 200 17457
[16/May/2026 11:41:03] "GET /jianpu/5/print/ HTTP/1.1" 200 17457
[16/May/2026 11:41:21] "GET /jianpu/5/ HTTP/1.1" 200 33257
Forbidden (CSRF cookie not set.): /jianpu/5/save/
[16/May/2026 11:41:51] "POST /jianpu/5/save/ HTTP/1.1" 403 2855
Forbidden (CSRF cookie not set.): /jianpu/5/save/
[16/May/2026 11:41:53] "POST /jianpu/5/save/ HTTP/1.1" 403 2855
[16/May/2026 11:41:55] "GET /jianpu/5/print/ HTTP/1.1" 200 17457
[16/May/2026 11:42:04] "GET /jianpu/5/ HTTP/1.1" 200 33257
Forbidden (CSRF cookie not set.): /jianpu/5/save/
[16/May/2026 11:43:03] "POST /jianpu/5/save/ HTTP/1.1" 403 2855
Forbidden (CSRF cookie not set.): /jianpu/5/save/
[16/May/2026 11:43:03] "POST /jianpu/5/save/ HTTP/1.1" 403 2855
Forbidden (CSRF cookie not set.): /jianpu/5/save/
[16/May/2026 11:43:04] "POST /jianpu/5/save/ HTTP/1.1" 403 2855
Forbidden (CSRF cookie not set.): /jianpu/5/save/
[16/May/2026 11:43:04] "POST /jianpu/5/save/ HTTP/1.1" 403 2855
Forbidden (CSRF cookie not set.): /jianpu/5/save/
[16/May/2026 11:43:04] "POST /jianpu/5/save/ HTTP/1.1" 403 2855
Not Found: /favicon.ico
[16/May/2026 11:43:11] "GET /favicon.ico HTTP/1.1" 404 3678
Forbidden (CSRF cookie not set.): /jianpu/5/save/
[16/May/2026 11:45:50] "POST /jianpu/5/save/ HTTP/1.1" 403 2855
Forbidden (CSRF cookie not set.): /jianpu/5/save/
[16/May/2026 11:45:51] "POST /jianpu/5/save/ HTTP/1.1" 403 2855
Forbidden (CSRF cookie not set.): /jianpu/5/save/
[16/May/2026 11:45:51] "POST /jianpu/5/save/ HTTP/1.1" 403 2855
Forbidden (CSRF cookie not set.): /jianpu/5/save/
[16/May/2026 11:45:51] "POST /jianpu/5/save/ HTTP/1.1" 403 2855
Performing system checks...

System check identified no issues (0 silenced).
May 16, 2026 - 11:39:57
Django version 6.0.3, using settings 'word_echo.settings'
Starting development server at http://0.0.0.0:12345/
Quit the server with CONTROL-C.

WARNING: This is a development server. Do not use it in a production setting. Use a production WSGI or ASGI server instead.
For more information on production servers see: https://docs.djangoproject.com/en/6.0/howto/deployment/
Watching for file changes with StatReloader
[16/May/2026 11:46:40] "GET /jianpu/5/ HTTP/1.1" 200 34431
Forbidden (CSRF cookie not set.): /jianpu/5/save/
[16/May/2026 11:46:57] "POST /jianpu/5/save/ HTTP/1.1" 403 2855
Performing system checks...

System check identified no issues (0 silenced).
May 16, 2026 - 11:46:30
Django version 6.0.3, using settings 'word_echo.settings'
Starting development server at http://0.0.0.0:12345/
Quit the server with CONTROL-C.

WARNING: This is a development server. Do not use it in a production setting. Use a production WSGI or ASGI server instead.
For more information on production servers see: https://docs.djangoproject.com/en/6.0/howto/deployment/
Watching for file changes with StatReloader
[16/May/2026 11:53:29] "GET /jianpu/5/ HTTP/1.1" 200 34431
[16/May/2026 11:53:45] "POST /jianpu/5/save/ HTTP/1.1" 200 45
[16/May/2026 11:53:48] "GET /jianpu/5/print/ HTTP/1.1" 200 17461
[16/May/2026 11:53:54] "GET /jianpu/5/ HTTP/1.1" 200 34435
[16/May/2026 11:54:01] "POST /jianpu/5/save/ HTTP/1.1" 200 45
[16/May/2026 11:54:04] "GET /jianpu/5/print/ HTTP/1.1" 200 17461
[16/May/2026 11:54:16] "GET /jianpu/5/ HTTP/1.1" 200 34435
/home/singularsquare2017/work/word_echo/jianpu/views.py changed, reloading.
Performing system checks...

System check identified no issues (0 silenced).
May 16, 2026 - 11:53:22
Django version 6.0.3, using settings 'word_echo.settings'
Starting development server at http://0.0.0.0:12345/
Quit the server with CONTROL-C.

WARNING: This is a development server. Do not use it in a production setting. Use a production WSGI or ASGI server instead.
For more information on production servers see: https://docs.djangoproject.com/en/6.0/howto/deployment/
Watching for file changes with StatReloader
/home/singularsquare2017/work/word_echo/jianpu/views.py changed, reloading.
Performing system checks...

System check identified no issues (0 silenced).
May 16, 2026 - 11:56:32
Django version 6.0.3, using settings 'word_echo.settings'
Starting development server at http://0.0.0.0:12345/
Quit the server with CONTROL-C.

WARNING: This is a development server. Do not use it in a production setting. Use a production WSGI or ASGI server instead.
For more information on production servers see: https://docs.djangoproject.com/en/6.0/howto/deployment/
Watching for file changes with StatReloader
/home/singularsquare2017/work/word_echo/jianpu/views.py changed, reloading.
Performing system checks...

System check identified no issues (0 silenced).
May 16, 2026 - 11:57:01
Django version 6.0.3, using settings 'word_echo.settings'
Starting development server at http://0.0.0.0:12345/
Quit the server with CONTROL-C.

WARNING: This is a development server. Do not use it in a production setting. Use a production WSGI or ASGI server instead.
For more information on production servers see: https://docs.djangoproject.com/en/6.0/howto/deployment/
Watching for file changes with StatReloader
/home/singularsquare2017/work/word_echo/jianpu/views.py changed, reloading.
Performing system checks...

System check identified no issues (0 silenced).
May 16, 2026 - 11:57:26
Django version 6.0.3, using settings 'word_echo.settings'
Starting development server at http://0.0.0.0:12345/
Quit the server with CONTROL-C.

WARNING: This is a development server. Do not use it in a production setting. Use a production WSGI or ASGI server instead.
For more information on production servers see: https://docs.djangoproject.com/en/6.0/howto/deployment/
Watching for file changes with StatReloader
Performing system checks...

System check identified no issues (0 silenced).
May 16, 2026 - 11:57:57
Django version 6.0.3, using settings 'word_echo.settings'
Starting development server at http://0.0.0.0:12345/
Quit the server with CONTROL-C.

WARNING: This is a development server. Do not use it in a production setting. Use a production WSGI or ASGI server instead.
For more information on production servers see: https://docs.djangoproject.com/en/6.0/howto/deployment/
Watching for file changes with StatReloader
[16/May/2026 12:11:06] "GET /jianpu/3/ HTTP/1.1" 200 39602
[16/May/2026 12:11:37] "GET /jianpu/ HTTP/1.1" 200 5954
[16/May/2026 12:11:41] "GET /jianpu/5/ HTTP/1.1" 200 37284
[16/May/2026 12:11:54] "POST /jianpu/5/save/ HTTP/1.1" 200 45
[16/May/2026 12:11:55] "GET /jianpu/5/print/ HTTP/1.1" 200 18501
[16/May/2026 12:19:02] "GET /jianpu/5/ HTTP/1.1" 200 37298
[16/May/2026 18:49:17] "GET / HTTP/1.1" 302 0
[16/May/2026 18:49:17] "GET /admin/login/?next=/ HTTP/1.1" 200 4068
[16/May/2026 20:02:26] "GET / HTTP/1.1" 302 0
[16/May/2026 20:02:26] "GET /admin/login/?next=/ HTTP/1.1" 200 4068
[16/May/2026 23:11:33] "GET /jianpu HTTP/1.1" 301 0
[16/May/2026 23:11:33] "GET /jianpu/ HTTP/1.1" 200 5954
[18/May/2026 03:06:33] "GET /speaking/topics/ HTTP/1.1" 200 9508
Not Found: /apple-touch-icon-precomposed.png
[18/May/2026 03:06:34] "GET /apple-touch-icon-precomposed.png HTTP/1.1" 404 3741
Not Found: /apple-touch-icon.png
[18/May/2026 03:06:34] "GET /apple-touch-icon.png HTTP/1.1" 404 3705
[18/May/2026 03:06:35] "GET /speaking/topics/create/ HTTP/1.1" 200 8111
[18/May/2026 03:06:46] "POST /speaking/topics/create/ HTTP/1.1" 302 0
[18/May/2026 03:06:46] "GET /speaking/topics/9/ HTTP/1.1" 200 6652
[18/May/2026 03:06:53] "GET /speaking/topics/9/questions/create/ HTTP/1.1" 200 8336
[18/May/2026 03:07:06] "POST /speaking/topics/9/questions/create/ HTTP/1.1" 302 0
[18/May/2026 03:07:07] "GET /speaking/topics/9/ HTTP/1.1" 200 7005
[18/May/2026 03:07:08] "GET /speaking/questions/53/ HTTP/1.1" 200 7783
[18/May/2026 03:09:39] "POST /speaking/questions/53/answers/create/ HTTP/1.1" 302 0
[18/May/2026 03:09:40] "GET /speaking/questions/53/ HTTP/1.1" 200 8251
[18/May/2026 03:09:42] "GET /speaking/topics/9/ HTTP/1.1" 200 7008
[18/May/2026 03:09:44] "GET /speaking/topics/9/questions/create/ HTTP/1.1" 200 8336
[18/May/2026 03:10:01] "POST /speaking/topics/9/questions/create/ HTTP/1.1" 302 0
[18/May/2026 03:10:02] "GET /speaking/topics/9/ HTTP/1.1" 200 7416
[18/May/2026 03:10:03] "GET /speaking/questions/54/ HTTP/1.1" 200 7774
[18/May/2026 03:11:58] "POST /speaking/questions/54/answers/create/ HTTP/1.1" 302 0
[18/May/2026 03:11:58] "GET /speaking/questions/54/ HTTP/1.1" 200 8271
[18/May/2026 03:12:03] "GET /speaking/topics/9/ HTTP/1.1" 200 7419
[18/May/2026 03:12:04] "GET /speaking/topics/9/questions/create/ HTTP/1.1" 200 8336
[18/May/2026 03:12:29] "POST /speaking/topics/9/questions/create/ HTTP/1.1" 302 0
[18/May/2026 03:12:30] "GET /speaking/topics/9/ HTTP/1.1" 200 7822
[18/May/2026 03:12:32] "GET /speaking/questions/55/ HTTP/1.1" 200 7769
[18/May/2026 03:14:16] "POST /speaking/questions/55/answers/create/ HTTP/1.1" 302 0
[18/May/2026 03:14:17] "GET /speaking/questions/55/ HTTP/1.1" 200 8242
[18/May/2026 03:14:21] "GET /speaking/topics/9/ HTTP/1.1" 200 7825
[18/May/2026 03:14:22] "GET /speaking/topics/9/questions/create/ HTTP/1.1" 200 8336
[18/May/2026 03:14:52] "POST /speaking/topics/9/questions/create/ HTTP/1.1" 302 0
[18/May/2026 03:14:53] "GET /speaking/topics/9/ HTTP/1.1" 200 8247
[18/May/2026 03:14:55] "GET /speaking/questions/56/ HTTP/1.1" 200 7788
[18/May/2026 03:14:55] "GET /speaking/questions/56/ HTTP/1.1" 200 7788
[18/May/2026 03:17:03] "POST /speaking/questions/56/answers/create/ HTTP/1.1" 302 0
[18/May/2026 03:17:04] "GET /speaking/questions/56/ HTTP/1.1" 200 8262
[18/May/2026 03:17:27] "GET /speaking/topics/9/ HTTP/1.1" 200 8250
[18/May/2026 03:17:28] "GET /speaking/topics/9/questions/create/ HTTP/1.1" 200 8336
[18/May/2026 03:17:47] "POST /speaking/topics/9/questions/create/ HTTP/1.1" 302 0
[18/May/2026 03:17:48] "GET /speaking/topics/9/ HTTP/1.1" 200 8678
[18/May/2026 03:17:50] "GET /speaking/questions/57/ HTTP/1.1" 200 7794
[18/May/2026 03:21:38] "POST /speaking/questions/57/answers/create/ HTTP/1.1" 302 0
[18/May/2026 03:21:38] "GET /speaking/questions/57/ HTTP/1.1" 200 8279
[18/May/2026 03:22:45] "GET /speaking/topics/9/ HTTP/1.1" 200 8681
[18/May/2026 03:22:51] "GET /speaking/topics/9/questions/create/ HTTP/1.1" 200 8336
[18/May/2026 03:23:08] "POST /speaking/topics/9/questions/create/ HTTP/1.1" 302 0
[18/May/2026 03:23:09] "GET /speaking/topics/9/ HTTP/1.1" 200 9099
[18/May/2026 03:23:13] "GET /speaking/questions/58/ HTTP/1.1" 200 7784
[18/May/2026 03:26:38] "POST /speaking/questions/58/answers/create/ HTTP/1.1" 302 0
[18/May/2026 03:26:38] "GET /speaking/questions/58/ HTTP/1.1" 200 8263
[18/May/2026 03:26:42] "GET /speaking/topics/9/ HTTP/1.1" 200 9102
[18/May/2026 03:26:52] "GET /speaking/topics/9/questions/create/ HTTP/1.1" 200 8336
[18/May/2026 03:26:57] "GET /speaking/topics/9/ HTTP/1.1" 200 9102
[18/May/2026 03:26:58] "GET /speaking/topics/ HTTP/1.1" 200 9861
[18/May/2026 03:27:01] "GET /speaking/topics/create/ HTTP/1.1" 200 8111
[18/May/2026 03:27:24] "POST /speaking/topics/create/ HTTP/1.1" 302 0
[18/May/2026 03:27:24] "GET /speaking/topics/10/ HTTP/1.1" 200 6655
[18/May/2026 03:27:26] "GET /speaking/topics/10/questions/create/ HTTP/1.1" 200 8339
[18/May/2026 03:28:42] "POST /speaking/topics/10/questions/create/ HTTP/1.1" 302 0
[18/May/2026 03:28:42] "GET /speaking/topics/10/ HTTP/1.1" 200 7026
[18/May/2026 03:28:44] "GET /speaking/questions/59/ HTTP/1.1" 200 8062
[18/May/2026 03:28:46] "POST /speaking/questions/59/answers/create/ HTTP/1.1" 302 0
[18/May/2026 03:28:47] "GET /speaking/questions/59/ HTTP/1.1" 200 8217
[18/May/2026 03:29:57] "GET /static/admin/img/icon-yes.svg HTTP/1.1" 304 0
[18/May/2026 03:30:00] "GET /admin/speaking/speakingquestion/?topic__id__exact=6 HTTP/1.1" 200 28200
[18/May/2026 03:30:00] "GET /static/admin/js/nav_sidebar.js HTTP/1.1" 304 0
[18/May/2026 03:30:00] "GET /static/admin/css/changelists.css HTTP/1.1" 304 0
[18/May/2026 03:30:00] "GET /admin/jsi18n/ HTTP/1.1" 200 3342
[18/May/2026 03:30:00] "GET /static/admin/js/theme.js HTTP/1.1" 304 0
[18/May/2026 03:30:00] "GET /static/admin/css/nav_sidebar.css HTTP/1.1" 304 0
[18/May/2026 03:30:00] "GET /static/admin/css/dark_mode.css HTTP/1.1" 304 0
[18/May/2026 03:30:00] "GET /static/admin/css/base.css HTTP/1.1" 304 0
[18/May/2026 03:30:00] "GET /static/admin/js/core.js HTTP/1.1" 304 0
[18/May/2026 03:30:00] "GET /static/admin/js/jquery.init.js HTTP/1.1" 304 0
[18/May/2026 03:30:00] "GET /static/admin/js/admin/RelatedObjectLookups.js HTTP/1.1" 304 0
[18/May/2026 03:30:00] "GET /static/admin/js/actions.js HTTP/1.1" 304 0
[18/May/2026 03:30:00] "GET /static/admin/js/urlify.js HTTP/1.1" 304 0
[18/May/2026 03:30:01] "GET /static/admin/js/prepopulate.js HTTP/1.1" 304 0
[18/May/2026 03:30:01] "GET /static/admin/js/vendor/xregexp/xregexp.js HTTP/1.1" 304 0
[18/May/2026 03:30:01] "GET /static/admin/js/vendor/jquery/jquery.js HTTP/1.1" 304 0
[18/May/2026 03:30:01] "GET /static/admin/css/responsive.css HTTP/1.1" 304 0
[18/May/2026 03:30:01] "GET /static/admin/js/filters.js HTTP/1.1" 304 0
[18/May/2026 03:30:01] "GET /admin/jsi18n/ HTTP/1.1" 200 3342
[18/May/2026 03:30:01] "GET /static/admin/img/search.svg HTTP/1.1" 304 0
[18/May/2026 03:30:01] "GET /static/admin/img/icon-viewlink.svg HTTP/1.1" 304 0
[18/May/2026 03:30:01] "GET /static/admin/img/tooltag-add.svg HTTP/1.1" 304 0
[18/May/2026 03:30:01] "GET /static/admin/img/sorting-icons.svg HTTP/1.1" 304 0
[18/May/2026 03:30:05] "GET /admin/speaking/ HTTP/1.1" 200 6799
[18/May/2026 03:30:06] "GET /static/admin/css/dashboard.css HTTP/1.1" 304 0
[18/May/2026 03:30:06] "GET /static/admin/img/icon-changelink.svg HTTP/1.1" 304 0
[18/May/2026 03:30:06] "GET /static/admin/img/icon-addlink.svg HTTP/1.1" 304 0
[18/May/2026 03:30:08] "GET /admin/ HTTP/1.1" 200 23005
[18/May/2026 03:30:08] "GET /static/admin/img/icon-info-dark.svg HTTP/1.1" 304 0
[18/May/2026 03:30:21] "GET /admin/speaking/speakinganswer/ HTTP/1.1" 200 60964
[18/May/2026 03:30:21] "GET /admin/jsi18n/ HTTP/1.1" 200 3342
[18/May/2026 03:30:25] "GET /admin/speaking/speakinganswer/70/change/ HTTP/1.1" 200 32732
[18/May/2026 03:30:25] "GET /static/admin/css/forms.css HTTP/1.1" 304 0
[18/May/2026 03:30:25] "GET /admin/jsi18n/ HTTP/1.1" 200 3342
[18/May/2026 03:30:25] "GET /static/admin/js/change_form.js HTTP/1.1" 304 0
[18/May/2026 03:30:25] "GET /static/admin/js/prepopulate_init.js HTTP/1.1" 304 0
[18/May/2026 03:30:25] "GET /static/admin/css/widgets.css HTTP/1.1" 304 0
[18/May/2026 03:44:27] "POST /admin/speaking/speakinganswer/70/change/ HTTP/1.1" 302 0
[18/May/2026 03:44:28] "GET /admin/speaking/speakinganswer/ HTTP/1.1" 200 61196
[18/May/2026 03:44:28] "GET /admin/jsi18n/ HTTP/1.1" 200 3342
[18/May/2026 03:44:32] "GET /speaking/questions/59/ HTTP/1.1" 200 9812
Not Found: /apple-touch-icon.png
[18/May/2026 05:18:04] "GET /apple-touch-icon.png HTTP/1.1" 404 3705
[18/May/2026 05:18:04] "GET / HTTP/1.1" 302 0
Not Found: /favicon.ico
[18/May/2026 05:18:04] "GET /favicon.ico HTTP/1.1" 404 3678
Not Found: /apple-touch-icon-precomposed.png
[18/May/2026 05:18:04] "GET /apple-touch-icon-precomposed.png HTTP/1.1" 404 3741
[18/May/2026 05:18:05] "GET /admin/login/?next=/ HTTP/1.1" 200 4068
[18/May/2026 09:15:20] "GET /jianpu/5/ HTTP/1.1" 200 37298
[18/May/2026 09:15:26] "GET /speaking/questions/33/ HTTP/1.1" 200 8229
[18/May/2026 09:29:49] "GET / HTTP/1.1" 302 0
[18/May/2026 09:29:49] "GET /admin/login/?next=/ HTTP/1.1" 200 4068
[18/May/2026 09:29:50] "GET /static/admin/css/base.css HTTP/1.1" 200 23100
[18/May/2026 09:29:50] "GET /static/admin/css/login.css HTTP/1.1" 304 0
[18/May/2026 09:29:50] "GET /static/admin/css/nav_sidebar.css HTTP/1.1" 304 0
[18/May/2026 09:29:50] "GET /static/admin/css/dark_mode.css HTTP/1.1" 304 0
[18/May/2026 09:29:50] "GET /static/admin/js/theme.js HTTP/1.1" 304 0
[18/May/2026 09:29:50] "GET /static/admin/css/responsive.css HTTP/1.1" 304 0
[18/May/2026 09:29:50] "GET /static/admin/js/nav_sidebar.js HTTP/1.1" 304 0
[18/May/2026 09:30:07] "GET / HTTP/1.1" 302 0
[18/May/2026 09:30:07] "GET /admin/login/?next=/ HTTP/1.1" 200 4068
[18/May/2026 09:30:11] "POST /admin/login/?next=/ HTTP/1.1" 302 0
[18/May/2026 09:30:11] "GET / HTTP/1.1" 200 10566
[18/May/2026 09:30:17] "GET /primary-dictation/sets/ HTTP/1.1" 200 9561
[18/May/2026 09:30:21] "GET /primary-dictation/sets/1/ HTTP/1.1" 200 24935
[18/May/2026 09:30:23] "GET /primary-dictation/sets/1/start/ HTTP/1.1" 302 0
[18/May/2026 09:30:23] "GET /primary-dictation/sessions/2/ HTTP/1.1" 200 99674
[18/May/2026 09:30:37] "POST /primary-dictation/sessions/2/submit/ HTTP/1.1" 302 0
[18/May/2026 09:30:37] "GET /primary-dictation/sessions/2/result/ HTTP/1.1" 200 95337
[18/May/2026 09:30:58] "GET /primary-dictation/sets/1/ HTTP/1.1" 200 25173
[18/May/2026 09:31:03] "GET / HTTP/1.1" 200 10566
[18/May/2026 18:13:09] code 400, message Bad request version ('\xc0#\xc0\xac\xc0\xae\xc0+\xc0')
[18/May/2026 18:13:09] You're accessing the development server over HTTPS, but it only supports HTTP.
[19/May/2026 05:08:43] "GET /speaking/topics/10/ HTTP/1.1" 200 7029
[19/May/2026 05:08:45] "GET /speaking/topics/ HTTP/1.1" 200 10216
[19/May/2026 05:08:58] "GET /speaking/topics/ HTTP/1.1" 200 10216
[19/May/2026 05:09:00] "GET / HTTP/1.1" 200 10566
[19/May/2026 05:09:12] "GET /writing/ HTTP/1.1" 200 14799
[19/May/2026 05:09:12] "GET /static/admin/css/login.css HTTP/1.1" 304 0
[19/May/2026 05:09:14] "GET /writing/add/ HTTP/1.1" 200 10944
[19/May/2026 05:18:22] "GET /admin/speaking/speakinganswer/ HTTP/1.1" 200 60964
[19/May/2026 05:18:22] "GET /admin/jsi18n/ HTTP/1.1" 200 3342
[19/May/2026 05:18:25] "GET / HTTP/1.1" 200 10566
[19/May/2026 05:18:27] "GET /writing/ HTTP/1.1" 200 14799
[19/May/2026 05:24:34] "GET /synonyms/ HTTP/1.1" 200 12350
[19/May/2026 05:24:54] "GET /phrases/ HTTP/1.1" 200 11207
[19/May/2026 05:37:30] "POST /writing/add/ HTTP/1.1" 302 0
[19/May/2026 05:37:30] "GET /writing/12/ HTTP/1.1" 200 14544
[19/May/2026 07:28:51] "GET /speaking/topics/5/ HTTP/1.1" 200 9081
[19/May/2026 07:28:55] "GET /speaking/topics/ HTTP/1.1" 200 10216
[19/May/2026 07:28:55] "GET /jianpu/5/ HTTP/1.1" 200 37298
[19/May/2026 07:28:59] "GET /speaking/topics/4/ HTTP/1.1" 200 9289
[19/May/2026 07:29:02] "GET /speaking/questions/23/ HTTP/1.1" 200 9720
[19/May/2026 07:43:08] "GET /speaking/topics/4/ HTTP/1.1" 200 9289
[19/May/2026 07:43:11] "GET /speaking/questions/24/ HTTP/1.1" 200 8415
Not Found: /apple-touch-icon-precomposed.png
[19/May/2026 08:23:54] "GET /apple-touch-icon-precomposed.png HTTP/1.1" 404 3741
[19/May/2026 08:23:55] "GET /speaking/topics/ HTTP/1.1" 200 10216
Not Found: /favicon.ico
[19/May/2026 08:23:55] "GET /favicon.ico HTTP/1.1" 404 3678
Not Found: /apple-touch-icon.png
[19/May/2026 08:23:55] "GET /apple-touch-icon.png HTTP/1.1" 404 3705
[19/May/2026 17:29:31] code 400, message Bad request version ('Survey')
[19/May/2026 17:29:31] "SSH-2.0-ZGrab ZGrab SSH Survey" 400 -
[19/May/2026 21:47:36] "GET / HTTP/1.1" 302 0
[19/May/2026 21:47:36] "GET /admin/login/?next=/ HTTP/1.1" 200 4068
Not Found: /favicon.ico
[19/May/2026 21:47:36] "GET /favicon.ico HTTP/1.1" 404 3678
Not Found: /favicon.ico
[19/May/2026 21:47:36] "GET /favicon.ico HTTP/1.1" 404 3678
[20/May/2026 00:57:26] "GET /phrases/ HTTP/1.1" 200 11207
[20/May/2026 00:57:28] "GET /phrases/add/ HTTP/1.1" 200 11916
[20/May/2026 00:58:15] "POST /phrases/add/ HTTP/1.1" 302 0
[20/May/2026 00:58:15] "GET /phrases/4/ HTTP/1.1" 200 10533
[20/May/2026 00:58:36] "GET /phrases/4/edit/ HTTP/1.1" 200 12018
[20/May/2026 00:58:44] "POST /phrases/4/edit/ HTTP/1.1" 302 0
[20/May/2026 00:58:44] "GET /phrases/4/ HTTP/1.1" 200 10537
[20/May/2026 00:59:16] "GET /phrases/4/edit/ HTTP/1.1" 200 12020
[20/May/2026 00:59:19] "POST /phrases/4/edit/ HTTP/1.1" 302 0
[20/May/2026 00:59:19] "GET /phrases/4/ HTTP/1.1" 200 10539
[20/May/2026 01:08:09] "GET / HTTP/1.1" 302 0
[20/May/2026 01:08:09] "GET /admin/login/?next=/ HTTP/1.1" 200 4068
[20/May/2026 05:39:35] "GET / HTTP/1.1" 200 10566
[20/May/2026 05:39:36] "GET /speaking/topics/ HTTP/1.1" 200 10216
[20/May/2026 05:39:40] "GET /speaking/topics/10/ HTTP/1.1" 200 7029
[20/May/2026 05:40:20] "GET /speaking/topics/10/questions/create/ HTTP/1.1" 200 8339
[20/May/2026 05:40:59] "POST /speaking/topics/10/questions/create/ HTTP/1.1" 302 0
[20/May/2026 05:41:00] "GET /speaking/topics/10/ HTTP/1.1" 200 7480
[20/May/2026 05:41:06] "GET /speaking/questions/60/ HTTP/1.1" 200 7820
[20/May/2026 05:44:30] "POST /speaking/questions/60/answers/create/ HTTP/1.1" 302 0
[20/May/2026 05:44:30] "GET /speaking/questions/60/ HTTP/1.1" 200 8424
[20/May/2026 05:44:32] "GET /speaking/topics/10/ HTTP/1.1" 200 7483
[20/May/2026 05:44:33] "GET /speaking/topics/10/questions/create/ HTTP/1.1" 200 8339
[20/May/2026 05:45:06] "POST /speaking/topics/10/questions/create/ HTTP/1.1" 302 0
[20/May/2026 05:45:06] "GET /speaking/topics/10/ HTTP/1.1" 200 7931
[20/May/2026 05:45:09] "GET /speaking/questions/61/ HTTP/1.1" 200 7817
[20/May/2026 06:07:18] "POST /speaking/questions/61/answers/create/ HTTP/1.1" 302 0
[20/May/2026 06:07:18] "GET /speaking/questions/61/ HTTP/1.1" 200 8453
[20/May/2026 06:10:23] "GET / HTTP/1.1" 200 10566
[20/May/2026 06:10:26] "GET /writing/ HTTP/1.1" 200 22909
[20/May/2026 06:10:31] "GET /writing/12/ HTTP/1.1" 200 15123
[20/May/2026 06:21:26] "GET /writing/ HTTP/1.1" 200 22909
[20/May/2026 06:21:28] "GET / HTTP/1.1" 200 10566
[20/May/2026 06:21:32] "GET /phrases/ HTTP/1.1" 200 12291
[20/May/2026 06:21:34] "GET /phrases/4/ HTTP/1.1" 200 10936
[20/May/2026 06:24:29] "GET /jianpu/5/ HTTP/1.1" 200 37298
[20/May/2026 06:24:30] "GET /speaking/questions/24/ HTTP/1.1" 200 8415
[20/May/2026 06:24:34] "GET /speaking/topics/4/ HTTP/1.1" 200 9289
[20/May/2026 06:24:35] "GET /speaking/topics/ HTTP/1.1" 200 10216
Not Found: /apple-touch-icon-precomposed.png
[20/May/2026 06:24:36] "GET /apple-touch-icon-precomposed.png HTTP/1.1" 404 3741
Not Found: /favicon.ico
[20/May/2026 06:24:36] "GET /favicon.ico HTTP/1.1" 404 3678
[20/May/2026 06:24:38] "GET /speaking/topics/4/ HTTP/1.1" 200 9289
Not Found: /apple-touch-icon.png
[20/May/2026 06:24:39] "GET /apple-touch-icon.png HTTP/1.1" 404 3705
[20/May/2026 06:24:39] "GET /speaking/questions/23/ HTTP/1.1" 200 9720
[20/May/2026 06:24:41] "GET /speaking/topics/4/ HTTP/1.1" 200 9289
[20/May/2026 06:24:42] "GET /speaking/topics/ HTTP/1.1" 200 10216
[20/May/2026 06:24:52] "GET / HTTP/1.1" 200 10566
[20/May/2026 06:24:53] "GET / HTTP/1.1" 200 10566
Not Found: /apple-touch-icon-precomposed.png
[20/May/2026 06:24:53] "GET /apple-touch-icon-precomposed.png HTTP/1.1" 404 3741
Not Found: /apple-touch-icon.png
[20/May/2026 06:24:53] "GET /apple-touch-icon.png HTTP/1.1" 404 3705
Not Found: /favicon.ico
[20/May/2026 06:24:53] "GET /favicon.ico HTTP/1.1" 404 3678
[20/May/2026 06:24:55] "GET /phrases/ HTTP/1.1" 200 12291
[20/May/2026 06:24:59] "GET /phrases/4/ HTTP/1.1" 200 10936
[20/May/2026 06:25:22] "GET /phrases/ HTTP/1.1" 200 12291
[20/May/2026 06:26:33] "GET /phrases/4/ HTTP/1.1" 200 10936
[20/May/2026 06:26:39] "GET /phrases/ HTTP/1.1" 200 12291
[20/May/2026 06:26:40] "GET / HTTP/1.1" 200 10566
[20/May/2026 06:26:52] "GET /primary-dictation/sets/ HTTP/1.1" 200 9561
[20/May/2026 06:48:20] "GET /phrases/4/ HTTP/1.1" 200 10936
Not Found: /favicon.ico
[20/May/2026 06:48:34] "GET /favicon.ico HTTP/1.1" 404 3678
[20/May/2026 06:49:00] "GET /phrases/ HTTP/1.1" 200 12291
[20/May/2026 07:57:50] "GET / HTTP/1.1" 302 0
[20/May/2026 07:57:50] "GET /admin/login/?next=/ HTTP/1.1" 200 4068
[20/May/2026 07:57:51] "GET /static/admin/css/base.css HTTP/1.1" 200 23100
[20/May/2026 07:57:51] "GET /static/admin/css/login.css HTTP/1.1" 200 951
[20/May/2026 07:57:51] "GET /static/admin/js/theme.js HTTP/1.1" 200 1653
[20/May/2026 07:57:51] "GET /static/admin/css/dark_mode.css HTTP/1.1" 200 3538
[20/May/2026 07:57:51] "GET /static/admin/js/nav_sidebar.js HTTP/1.1" 200 3063
[20/May/2026 07:57:51] "GET /static/admin/css/nav_sidebar.css HTTP/1.1" 200 2810
[20/May/2026 07:57:51] "GET /static/admin/css/responsive.css HTTP/1.1" 200 16273
[20/May/2026 07:58:00] "POST /admin/login/?next=/ HTTP/1.1" 302 0
[20/May/2026 07:58:00] "GET / HTTP/1.1" 200 10566
[20/May/2026 07:58:08] "GET /speaking/topics/ HTTP/1.1" 200 10216
[20/May/2026 07:58:14] "GET /speaking/topics/8/ HTTP/1.1" 200 9253
[20/May/2026 07:58:30] "GET / HTTP/1.1" 200 10566
[20/May/2026 07:58:39] "GET /speaking/topics/ HTTP/1.1" 200 10216
[20/May/2026 08:30:20] "GET /speaking/topics/10/ HTTP/1.1" 200 7934
[20/May/2026 08:30:21] "GET /speaking/topics/ HTTP/1.1" 200 10216
[20/May/2026 08:30:24] "GET /speaking/topics/ HTTP/1.1" 200 10216
[20/May/2026 08:30:26] "GET / HTTP/1.1" 200 10566
[20/May/2026 08:30:30] "GET /phrases/ HTTP/1.1" 200 12291
[20/May/2026 08:30:35] "GET /phrases/add/ HTTP/1.1" 200 12265
[20/May/2026 08:31:46] "POST /phrases/add/ HTTP/1.1" 302 0
[20/May/2026 08:31:46] "GET /phrases/5/ HTTP/1.1" 200 10897
[20/May/2026 08:31:51] "GET /phrases/ HTTP/1.1" 200 13076
[20/May/2026 08:31:57] "GET /phrases/add/ HTTP/1.1" 200 12265
[20/May/2026 08:33:04] "POST /phrases/add/ HTTP/1.1" 302 0
[20/May/2026 08:33:04] "GET /phrases/6/ HTTP/1.1" 200 10926
[20/May/2026 08:33:16] "GET /phrases/ HTTP/1.1" 200 13876
[20/May/2026 08:33:17] "GET /phrases/add/ HTTP/1.1" 200 12265
[20/May/2026 08:34:43] "POST /phrases/add/ HTTP/1.1" 302 0
[20/May/2026 08:34:43] "GET /phrases/7/ HTTP/1.1" 200 10873
[20/May/2026 08:34:46] "GET /phrases/ HTTP/1.1" 200 14653
[20/May/2026 08:34:54] "GET /phrases/add/ HTTP/1.1" 200 12265
[20/May/2026 08:36:04] "POST /phrases/add/ HTTP/1.1" 302 0
[20/May/2026 08:36:04] "GET /phrases/8/ HTTP/1.1" 200 10904
[20/May/2026 08:36:05] "GET /phrases/ HTTP/1.1" 200 15449
[20/May/2026 08:36:06] "GET /phrases/add/ HTTP/1.1" 200 12265
[20/May/2026 08:37:17] "POST /phrases/add/ HTTP/1.1" 302 0
[20/May/2026 08:37:17] "GET /phrases/9/ HTTP/1.1" 200 10870
[20/May/2026 08:37:57] "GET /phrases/ HTTP/1.1" 200 16214
[20/May/2026 08:37:58] "GET /phrases/add/ HTTP/1.1" 200 12265
[20/May/2026 08:39:13] "POST /phrases/add/ HTTP/1.1" 302 0
[20/May/2026 08:39:13] "GET /phrases/10/ HTTP/1.1" 200 10908
[20/May/2026 08:41:10] "GET /phrases/ HTTP/1.1" 200 17003
[20/May/2026 08:41:23] "GET /phrases/add/ HTTP/1.1" 200 12265
[20/May/2026 08:43:20] "POST /phrases/add/ HTTP/1.1" 302 0
[20/May/2026 08:43:20] "GET /phrases/11/ HTTP/1.1" 200 10921
[20/May/2026 08:43:23] "GET /phrases/ HTTP/1.1" 200 17803
[20/May/2026 08:43:24] "GET /phrases/add/ HTTP/1.1" 200 12265
[20/May/2026 08:44:42] "POST /phrases/add/ HTTP/1.1" 302 0
[20/May/2026 08:44:42] "GET /phrases/12/ HTTP/1.1" 200 10948
[20/May/2026 08:45:27] "GET /phrases/12/edit/ HTTP/1.1" 200 12385
[20/May/2026 08:45:36] "POST /phrases/12/edit/ HTTP/1.1" 302 0
[20/May/2026 08:45:36] "GET /phrases/12/ HTTP/1.1" 200 10952
[20/May/2026 08:45:43] "GET /phrases/ HTTP/1.1" 200 18619
[20/May/2026 08:45:45] "GET /phrases/add/ HTTP/1.1" 200 12265
[20/May/2026 08:46:46] "POST /phrases/add/ HTTP/1.1" 302 0
[20/May/2026 08:46:47] "GET /phrases/13/ HTTP/1.1" 200 10892
[20/May/2026 08:46:54] "GET /phrases/ HTTP/1.1" 200 19401
[20/May/2026 08:47:31] "GET /phrases/add/ HTTP/1.1" 200 12265
[20/May/2026 08:48:54] "GET /phrases/ HTTP/1.1" 200 19401
[20/May/2026 08:48:56] "GET /phrases/add/ HTTP/1.1" 200 12265
[20/May/2026 08:49:58] "POST /phrases/add/ HTTP/1.1" 302 0
[20/May/2026 08:49:58] "GET /phrases/14/ HTTP/1.1" 200 10884
[20/May/2026 08:50:28] "GET /phrases/ HTTP/1.1" 200 20190
[20/May/2026 08:50:29] "GET /phrases/add/ HTTP/1.1" 200 12265
[20/May/2026 08:51:57] "POST /phrases/add/ HTTP/1.1" 302 0
[20/May/2026 08:51:58] "GET /phrases/15/ HTTP/1.1" 200 10891
[20/May/2026 08:51:59] "GET /phrases/ HTTP/1.1" 200 20978
[20/May/2026 08:51:59] "GET /phrases/add/ HTTP/1.1" 200 12265
[20/May/2026 08:52:52] "POST /phrases/add/ HTTP/1.1" 302 0
[20/May/2026 08:52:52] "GET /phrases/16/ HTTP/1.1" 200 10914
[20/May/2026 08:53:02] "GET /phrases/ HTTP/1.1" 200 21787
[20/May/2026 08:53:04] "GET /phrases/add/ HTTP/1.1" 200 12265
[20/May/2026 08:55:05] "POST /phrases/add/ HTTP/1.1" 302 0
[20/May/2026 08:55:06] "GET /phrases/17/ HTTP/1.1" 200 10894
[20/May/2026 08:55:09] "GET /phrases/ HTTP/1.1" 200 22562
[20/May/2026 08:55:10] "GET /phrases/add/ HTTP/1.1" 200 12265
[20/May/2026 08:55:59] "POST /phrases/add/ HTTP/1.1" 302 0
[20/May/2026 08:56:00] "GET /phrases/18/ HTTP/1.1" 200 10896
[20/May/2026 08:56:02] "GET /phrases/ HTTP/1.1" 200 23345
[20/May/2026 08:56:05] "GET /phrases/add/ HTTP/1.1" 200 12265
[20/May/2026 08:57:00] "POST /phrases/add/ HTTP/1.1" 302 0
[20/May/2026 08:57:00] "GET /phrases/19/ HTTP/1.1" 200 10872
[20/May/2026 08:57:09] "GET /phrases/ HTTP/1.1" 200 24111
[20/May/2026 08:57:10] "GET /phrases/add/ HTTP/1.1" 200 12265
[20/May/2026 08:58:48] "POST /phrases/add/ HTTP/1.1" 302 0
[20/May/2026 08:58:49] "GET /phrases/20/ HTTP/1.1" 200 10900
[20/May/2026 09:09:31] "GET /phrases/ HTTP/1.1" 200 24890
[20/May/2026 09:09:33] "GET / HTTP/1.1" 200 10566
[20/May/2026 09:09:36] "GET /speaking/topics/ HTTP/1.1" 200 10216
[20/May/2026 09:09:38] "GET /speaking/topics/10/ HTTP/1.1" 200 7934
[20/May/2026 09:09:50] "GET /speaking/topics/10/questions/create/ HTTP/1.1" 200 8339
[20/May/2026 09:10:45] "POST /speaking/topics/10/questions/create/ HTTP/1.1" 302 0
[20/May/2026 09:10:46] "GET /speaking/topics/10/ HTTP/1.1" 200 8363
[20/May/2026 09:10:47] "GET /speaking/questions/62/ HTTP/1.1" 200 7798
[20/May/2026 09:13:09] "POST /speaking/questions/62/answers/create/ HTTP/1.1" 302 0
[20/May/2026 09:13:09] "GET /speaking/questions/62/ HTTP/1.1" 200 8373
[20/May/2026 09:13:12] "GET /speaking/topics/10/ HTTP/1.1" 200 8366
[20/May/2026 09:13:12] "GET /speaking/topics/10/questions/create/ HTTP/1.1" 200 8339
[20/May/2026 09:14:05] "POST /speaking/topics/10/questions/create/ HTTP/1.1" 302 0
[20/May/2026 09:14:05] "POST /speaking/topics/10/questions/create/ HTTP/1.1" 302 0
[20/May/2026 09:14:06] "GET /speaking/topics/10/ HTTP/1.1" 200 9254
[20/May/2026 09:14:16] "GET /speaking/topics/10/ HTTP/1.1" 200 9254
[20/May/2026 09:14:19] "GET /speaking/questions/63/ HTTP/1.1" 200 7813
[20/May/2026 09:16:16] "POST /speaking/questions/63/answers/create/ HTTP/1.1" 302 0
[20/May/2026 09:16:16] "GET /speaking/questions/63/ HTTP/1.1" 200 8366
[20/May/2026 09:16:21] "GET /admin/speaking/speakingquestion/ HTTP/1.1" 200 64252
[20/May/2026 09:16:22] "GET /admin/jsi18n/ HTTP/1.1" 200 3342
[20/May/2026 09:16:31] "GET /admin/speaking/speakingquestion/64/change/ HTTP/1.1" 200 26138
[20/May/2026 09:16:32] "GET /admin/jsi18n/ HTTP/1.1" 200 3342
[20/May/2026 09:16:32] "GET /static/admin/js/admin/DateTimeShortcuts.js HTTP/1.1" 304 0
[20/May/2026 09:16:32] "GET /static/admin/js/calendar.js HTTP/1.1" 304 0
[20/May/2026 09:16:32] "GET /static/admin/img/icon-clock.svg HTTP/1.1" 304 0
[20/May/2026 09:16:32] "GET /static/admin/img/icon-calendar.svg HTTP/1.1" 304 0
[20/May/2026 09:17:50] "POST /admin/speaking/speakingquestion/64/change/ HTTP/1.1" 302 0
[20/May/2026 09:17:51] "GET /admin/speaking/speakingquestion/ HTTP/1.1" 200 64523
[20/May/2026 09:17:51] "GET /admin/jsi18n/ HTTP/1.1" 200 3342
[20/May/2026 09:17:54] "GET /speaking/topics/10/ HTTP/1.1" 200 9254
[20/May/2026 09:17:55] "GET /speaking/questions/64/ HTTP/1.1" 200 7810
[20/May/2026 09:21:40] "POST /speaking/questions/64/answers/create/ HTTP/1.1" 302 0
[20/May/2026 09:21:40] "GET /speaking/questions/64/ HTTP/1.1" 200 8390
[20/May/2026 11:37:48] "GET /speaking/topics/10/ HTTP/1.1" 200 9257
Not Found: /favicon.ico
[20/May/2026 11:37:48] "GET /favicon.ico HTTP/1.1" 404 3678
[20/May/2026 11:37:50] "GET /speaking/topics/ HTTP/1.1" 200 10216
[20/May/2026 11:37:52] "GET /speaking/topics/create/ HTTP/1.1" 200 8111
[20/May/2026 11:37:59] "POST /speaking/topics/create/ HTTP/1.1" 302 0
[20/May/2026 11:37:59] "GET /speaking/topics/11/ HTTP/1.1" 200 6659
[20/May/2026 11:38:02] "GET /speaking/topics/11/questions/create/ HTTP/1.1" 200 8343
[20/May/2026 11:38:29] "POST /speaking/topics/11/questions/create/ HTTP/1.1" 302 0
[20/May/2026 11:38:29] "GET /speaking/topics/11/ HTTP/1.1" 200 7017
[20/May/2026 11:38:39] "GET /speaking/questions/65/ HTTP/1.1" 200 7795
[20/May/2026 11:40:30] "POST /speaking/questions/65/answers/create/ HTTP/1.1" 302 0
[20/May/2026 11:40:31] "GET /speaking/questions/65/ HTTP/1.1" 200 8249
[20/May/2026 11:40:38] "GET /speaking/topics/11/ HTTP/1.1" 200 7020
[20/May/2026 11:40:54] "GET /speaking/topics/11/questions/create/ HTTP/1.1" 200 8343
[20/May/2026 11:41:16] "POST /speaking/topics/11/questions/create/ HTTP/1.1" 302 0
[20/May/2026 11:41:16] "GET /speaking/topics/11/ HTTP/1.1" 200 7445
[20/May/2026 11:41:19] "GET /speaking/questions/66/ HTTP/1.1" 200 7798
[20/May/2026 11:41:20] "GET /speaking/questions/66/ HTTP/1.1" 200 7798
[20/May/2026 11:43:09] "POST /speaking/questions/66/answers/create/ HTTP/1.1" 302 0
[20/May/2026 11:43:09] "GET /speaking/questions/66/ HTTP/1.1" 200 8275
[20/May/2026 11:43:20] "GET /speaking/topics/11/ HTTP/1.1" 200 7448
[20/May/2026 11:43:22] "GET /speaking/topics/11/questions/create/ HTTP/1.1" 200 8343
[20/May/2026 11:44:10] "POST /speaking/topics/11/questions/create/ HTTP/1.1" 302 0
[20/May/2026 11:44:10] "GET /speaking/topics/11/ HTTP/1.1" 200 7859
[20/May/2026 11:44:14] "GET /speaking/questions/67/ HTTP/1.1" 200 7784
[20/May/2026 11:46:56] "POST /speaking/questions/67/answers/create/ HTTP/1.1" 302 0
[20/May/2026 11:46:56] "GET /speaking/questions/67/ HTTP/1.1" 200 8266
[20/May/2026 11:47:02] "GET /speaking/topics/11/ HTTP/1.1" 200 7862
[20/May/2026 11:47:12] "GET /speaking/topics/11/questions/create/ HTTP/1.1" 200 8343
[20/May/2026 11:48:07] "POST /speaking/topics/11/questions/create/ HTTP/1.1" 302 0
[20/May/2026 11:48:07] "GET /speaking/topics/11/ HTTP/1.1" 200 8283
[20/May/2026 11:48:09] "GET /speaking/questions/68/ HTTP/1.1" 200 7794
[20/May/2026 11:52:17] "POST /speaking/questions/68/answers/create/ HTTP/1.1" 302 0
[20/May/2026 11:52:18] "GET /speaking/questions/68/ HTTP/1.1" 200 8268
[20/May/2026 11:52:25] "GET /speaking/topics/11/ HTTP/1.1" 200 8286
[20/May/2026 11:52:26] "GET /speaking/topics/11/questions/create/ HTTP/1.1" 200 8343
[20/May/2026 11:53:03] "POST /speaking/topics/11/questions/create/ HTTP/1.1" 302 0
[20/May/2026 11:53:04] "GET /speaking/topics/11/ HTTP/1.1" 200 8707
[20/May/2026 11:53:07] "GET /speaking/questions/69/ HTTP/1.1" 200 7794
[20/May/2026 11:53:07] "GET /speaking/questions/69/ HTTP/1.1" 200 7794
[20/May/2026 11:55:40] "POST /speaking/questions/69/answers/create/ HTTP/1.1" 302 0
[20/May/2026 11:55:41] "GET /speaking/questions/69/ HTTP/1.1" 200 8255
[20/May/2026 11:55:44] "GET /speaking/topics/11/ HTTP/1.1" 200 8710
[20/May/2026 11:55:44] "GET /speaking/topics/11/ HTTP/1.1" 200 8710
[20/May/2026 11:55:45] "GET /speaking/topics/11/questions/create/ HTTP/1.1" 200 8343
[20/May/2026 11:56:02] "GET /speaking/topics/11/ HTTP/1.1" 200 8710
[20/May/2026 11:56:04] "GET /speaking/topics/ HTTP/1.1" 200 10573
[20/May/2026 11:56:07] "GET /speaking/topics/create/ HTTP/1.1" 200 8111
[20/May/2026 11:56:41] "POST /speaking/topics/create/ HTTP/1.1" 302 0
[20/May/2026 11:56:41] "GET /speaking/topics/12/ HTTP/1.1" 200 6663
[20/May/2026 11:56:49] "GET /speaking/topics/12/questions/create/ HTTP/1.1" 200 8347
[20/May/2026 11:57:43] "POST /speaking/topics/12/questions/create/ HTTP/1.1" 302 0
[20/May/2026 11:57:43] "GET /speaking/topics/12/ HTTP/1.1" 200 7029
[20/May/2026 11:57:46] "GET /speaking/questions/70/ HTTP/1.1" 200 8015
[20/May/2026 12:13:11] "POST /speaking/questions/70/answers/create/ HTTP/1.1" 302 0
[20/May/2026 12:13:11] "GET /speaking/questions/70/ HTTP/1.1" 200 9724
[21/May/2026 01:18:54] "GET /speaking/topics/12/ HTTP/1.1" 200 7032
[21/May/2026 01:18:55] "GET /speaking/topics/12/questions/create/ HTTP/1.1" 200 8347
[21/May/2026 01:21:06] "POST /speaking/topics/12/questions/create/ HTTP/1.1" 302 0
[21/May/2026 01:21:07] "GET /speaking/topics/12/ HTTP/1.1" 200 7477
[21/May/2026 01:21:09] "GET /speaking/questions/71/ HTTP/1.1" 200 7822
[21/May/2026 01:25:02] "POST /speaking/questions/71/answers/create/ HTTP/1.1" 302 0
[21/May/2026 01:25:02] "GET /speaking/questions/71/ HTTP/1.1" 200 8398
[21/May/2026 01:25:06] "GET /speaking/topics/12/ HTTP/1.1" 200 7480
[21/May/2026 01:25:24] "GET /speaking/topics/12/questions/create/ HTTP/1.1" 200 8347
[21/May/2026 01:26:09] "POST /speaking/topics/12/questions/create/ HTTP/1.1" 302 0
[21/May/2026 01:26:10] "GET /speaking/topics/12/ HTTP/1.1" 200 7936
[21/May/2026 01:26:12] "GET /speaking/questions/72/ HTTP/1.1" 200 7833
[21/May/2026 01:39:45] "POST /speaking/questions/72/answers/create/ HTTP/1.1" 302 0
[21/May/2026 01:39:46] "GET /speaking/questions/72/ HTTP/1.1" 200 8406
[21/May/2026 01:39:52] "GET /speaking/topics/12/ HTTP/1.1" 200 7939
[21/May/2026 01:39:54] "GET /speaking/topics/12/questions/create/ HTTP/1.1" 200 8347
[21/May/2026 01:40:45] "POST /speaking/topics/12/questions/create/ HTTP/1.1" 302 0
[21/May/2026 01:40:46] "GET /speaking/topics/12/ HTTP/1.1" 200 8384
[21/May/2026 01:40:48] "GET /speaking/questions/73/ HTTP/1.1" 200 7822
[21/May/2026 01:43:24] "POST /speaking/questions/73/answers/create/ HTTP/1.1" 302 0
[21/May/2026 01:43:24] "GET /speaking/questions/73/ HTTP/1.1" 200 8442
[21/May/2026 01:43:27] "GET /speaking/topics/12/ HTTP/1.1" 200 8387
[21/May/2026 01:43:29] "GET /speaking/topics/12/questions/create/ HTTP/1.1" 200 8347
[21/May/2026 01:44:51] "POST /speaking/topics/12/questions/create/ HTTP/1.1" 302 0
[21/May/2026 01:44:52] "GET /speaking/topics/12/ HTTP/1.1" 200 8877
[21/May/2026 01:44:54] "GET /speaking/questions/74/ HTTP/1.1" 200 7867
[21/May/2026 01:46:37] "POST /speaking/questions/74/answers/create/ HTTP/1.1" 302 0
[21/May/2026 01:46:38] "GET /speaking/questions/74/ HTTP/1.1" 200 8433
[21/May/2026 01:46:43] "GET /speaking/topics/12/ HTTP/1.1" 200 8880
[21/May/2026 01:46:46] "GET /speaking/topics/12/questions/create/ HTTP/1.1" 200 8347
[21/May/2026 01:47:59] "POST /speaking/topics/12/questions/create/ HTTP/1.1" 302 0
[21/May/2026 01:48:00] "GET /speaking/topics/12/ HTTP/1.1" 200 9358
[21/May/2026 01:48:03] "GET /speaking/questions/75/ HTTP/1.1" 200 7855
[21/May/2026 01:50:20] "POST /speaking/questions/75/answers/create/ HTTP/1.1" 302 0
[21/May/2026 01:50:21] "GET /speaking/questions/75/ HTTP/1.1" 200 8425
Not Found: /apple-touch-icon-precomposed.png
[22/May/2026 12:28:50] "GET /apple-touch-icon-precomposed.png HTTP/1.1" 404 3741
[22/May/2026 12:28:50] "GET /speaking/topics/ HTTP/1.1" 200 10932
Not Found: /favicon.ico
[22/May/2026 12:28:50] "GET /favicon.ico HTTP/1.1" 404 3678
Not Found: /apple-touch-icon.png
[22/May/2026 12:28:50] "GET /apple-touch-icon.png HTTP/1.1" 404 3705
[22/May/2026 16:38:41] "GET / HTTP/1.1" 302 0
[22/May/2026 16:38:41] "GET /admin/login/?next=/ HTTP/1.1" 200 4068
[23/May/2026 10:57:15] "GET /writing/1/ HTTP/1.1" 302 0
[23/May/2026 10:57:15] "GET /admin/login/?next=/writing/1/ HTTP/1.1" 200 4088
Not Found: /favicon.ico
[23/May/2026 10:57:16] "GET /favicon.ico HTTP/1.1" 404 3678
Not Found: /apple-touch-icon.png
[25/May/2026 02:02:31] "GET /apple-touch-icon.png HTTP/1.1" 404 3705
Not Found: /favicon.ico
[25/May/2026 02:02:31] "GET /favicon.ico HTTP/1.1" 404 3678
Not Found: /apple-touch-icon-precomposed.png
[25/May/2026 02:02:31] "GET /apple-touch-icon-precomposed.png HTTP/1.1" 404 3741
[25/May/2026 02:02:31] "GET /speaking/topics/ HTTP/1.1" 200 10932
[25/May/2026 08:50:21] "GET /speaking/topics/12/ HTTP/1.1" 200 9361
Not Found: /apple-touch-icon-precomposed.png
[25/May/2026 08:50:22] "GET /apple-touch-icon-precomposed.png HTTP/1.1" 404 3741
Not Found: /apple-touch-icon.png
[25/May/2026 08:50:22] "GET /apple-touch-icon.png HTTP/1.1" 404 3705
[25/May/2026 08:50:24] "GET /speaking/topics/ HTTP/1.1" 200 10932
[25/May/2026 08:50:29] "GET /speaking/topics/create/ HTTP/1.1" 200 8111
[25/May/2026 08:51:15] "POST /speaking/topics/create/ HTTP/1.1" 302 0
[25/May/2026 08:51:16] "GET /speaking/topics/13/ HTTP/1.1" 200 6651
[25/May/2026 08:51:19] "GET /speaking/topics/13/questions/create/ HTTP/1.1" 200 8335
[25/May/2026 08:51:47] "POST /speaking/topics/13/questions/create/ HTTP/1.1" 302 0
[25/May/2026 08:51:48] "GET /speaking/topics/13/ HTTP/1.1" 200 7028
[25/May/2026 08:51:50] "GET /speaking/questions/76/ HTTP/1.1" 200 7806
[25/May/2026 08:51:50] "GET /speaking/questions/76/ HTTP/1.1" 200 7806
[25/May/2026 08:53:38] "POST /speaking/questions/76/answers/create/ HTTP/1.1" 302 0
[25/May/2026 08:53:39] "GET /speaking/questions/76/ HTTP/1.1" 200 8294
[25/May/2026 08:53:46] "GET /speaking/topics/13/ HTTP/1.1" 200 7031
[25/May/2026 08:53:47] "GET /speaking/topics/13/questions/create/ HTTP/1.1" 200 8335
[25/May/2026 08:54:24] "POST /speaking/topics/13/questions/create/ HTTP/1.1" 302 0
[25/May/2026 08:54:25] "GET /speaking/topics/13/ HTTP/1.1" 200 7467
[25/May/2026 08:54:28] "GET /speaking/questions/77/ HTTP/1.1" 200 7801
[25/May/2026 08:54:29] "GET /speaking/questions/77/ HTTP/1.1" 200 7801
[25/May/2026 08:56:04] "POST /speaking/questions/77/answers/create/ HTTP/1.1" 302 0
[25/May/2026 08:56:05] "GET /speaking/questions/77/ HTTP/1.1" 200 8314
[25/May/2026 08:56:08] "GET /speaking/topics/13/ HTTP/1.1" 200 7470
[25/May/2026 08:56:09] "GET /speaking/topics/13/questions/create/ HTTP/1.1" 200 8335
[25/May/2026 08:56:36] "POST /speaking/topics/13/questions/create/ HTTP/1.1" 302 0
[25/May/2026 08:56:36] "GET /speaking/topics/13/ HTTP/1.1" 200 7879
[25/May/2026 08:56:40] "GET /speaking/questions/78/ HTTP/1.1" 200 7774
[25/May/2026 08:56:40] "GET /speaking/questions/78/ HTTP/1.1" 200 7774
[25/May/2026 09:07:31] "POST /speaking/questions/78/answers/create/ HTTP/1.1" 302 0
[25/May/2026 09:07:32] "GET /speaking/questions/78/ HTTP/1.1" 200 8227
[25/May/2026 09:07:34] "GET /speaking/topics/13/ HTTP/1.1" 200 7882
[25/May/2026 09:07:36] "GET /speaking/topics/13/questions/create/ HTTP/1.1" 200 8335
[25/May/2026 09:08:11] "POST /speaking/topics/13/questions/create/ HTTP/1.1" 302 0
[25/May/2026 09:08:12] "GET /speaking/topics/13/ HTTP/1.1" 200 8302
[25/May/2026 09:08:14] "GET /speaking/questions/79/ HTTP/1.1" 200 7785
[25/May/2026 09:09:50] "POST /speaking/questions/79/answers/create/ HTTP/1.1" 302 0
[25/May/2026 09:09:50] "GET /speaking/questions/79/ HTTP/1.1" 200 8249
[25/May/2026 09:09:54] "GET /speaking/topics/13/ HTTP/1.1" 200 8305
[25/May/2026 09:09:56] "GET /speaking/topics/13/questions/create/ HTTP/1.1" 200 8335
[25/May/2026 09:10:35] "POST /speaking/topics/13/questions/create/ HTTP/1.1" 302 0
[25/May/2026 09:10:36] "GET /speaking/topics/13/ HTTP/1.1" 200 8735
[25/May/2026 09:10:40] "GET /speaking/questions/80/ HTTP/1.1" 200 7795
[25/May/2026 09:10:41] "GET /speaking/questions/80/ HTTP/1.1" 200 7795
[25/May/2026 09:12:12] "POST /speaking/questions/80/answers/create/ HTTP/1.1" 302 0
[25/May/2026 09:12:13] "GET /speaking/questions/80/ HTTP/1.1" 200 8283
[25/May/2026 09:43:52] "GET / HTTP/1.1" 302 0
[25/May/2026 09:43:52] "GET /admin/login/?next=/ HTTP/1.1" 200 4068
[25/May/2026 10:57:42] "GET / HTTP/1.1" 302 0
[25/May/2026 10:57:44] "GET /admin/login/?next=/ HTTP/1.1" 200 4068
[25/May/2026 10:57:46] "GET /static/admin/css/base.css HTTP/1.1" 200 23100
[25/May/2026 10:57:46] "GET /static/admin/css/dark_mode.css HTTP/1.1" 200 3538
[25/May/2026 10:57:46] "GET /static/admin/css/nav_sidebar.css HTTP/1.1" 200 2810
[25/May/2026 10:57:46] "GET /static/admin/css/login.css HTTP/1.1" 200 951
[25/May/2026 10:57:47] "GET /static/admin/css/responsive.css HTTP/1.1" 200 16273
[25/May/2026 10:57:47] "GET /static/admin/js/theme.js HTTP/1.1" 200 1653
[25/May/2026 10:57:50] "GET /static/admin/js/nav_sidebar.js HTTP/1.1" 200 3063
Not Found: /favicon.ico
[25/May/2026 10:57:54] "GET /favicon.ico HTTP/1.1" 404 3678
[25/May/2026 16:35:15] code 400, message Bad HTTP/0.9 request type ('\\x16\\x03\\x03\\x02a\\x01\\x00\\x02]\\x03\\x03\xf29+1\xde\\x12\xb1\\x9c\xda>s\xb9\\x96\xef\xe2\\x90\xaf_.\xc5\xba\\x18\xedfd\xc6\\x01\xc8;6\\x12~')
[25/May/2026 16:35:15] You're accessing the development server over HTTPS, but it only supports HTTP.
[26/May/2026 11:33:14] "GET /speaking/topics/13/ HTTP/1.1" 200 8738
[26/May/2026 11:33:21] "GET /speaking/topics/ HTTP/1.1" 200 11285
[26/May/2026 11:33:29] "GET /speaking/topics/create/ HTTP/1.1" 200 8111
[26/May/2026 11:33:53] "POST /speaking/topics/create/ HTTP/1.1" 302 0
[26/May/2026 11:33:53] "GET /speaking/topics/14/ HTTP/1.1" 200 6661
[26/May/2026 11:33:54] "GET /speaking/topics/14/questions/create/ HTTP/1.1" 200 8345
[26/May/2026 11:34:58] "POST /speaking/topics/14/questions/create/ HTTP/1.1" 302 0
[26/May/2026 11:34:58] "GET /speaking/topics/14/ HTTP/1.1" 200 7027
[26/May/2026 11:35:02] "GET /speaking/questions/81/ HTTP/1.1" 200 8027
[26/May/2026 11:35:03] "GET /speaking/questions/81/ HTTP/1.1" 200 8027
[26/May/2026 11:35:05] "POST /speaking/questions/81/answers/create/ HTTP/1.1" 302 0
[26/May/2026 11:35:05] "GET /speaking/questions/81/ HTTP/1.1" 200 8182
[26/May/2026 11:35:10] "GET /static/admin/img/icon-yes-dark.svg HTTP/1.1" 304 0
[26/May/2026 11:35:12] "GET /admin/speaking/speakingquestion/ HTTP/1.1" 200 75567
[26/May/2026 11:35:13] "GET /admin/jsi18n/ HTTP/1.1" 200 3342
[26/May/2026 11:35:13] "GET /static/admin/js/nav_sidebar.js HTTP/1.1" 304 0
[26/May/2026 11:35:13] "GET /static/admin/js/theme.js HTTP/1.1" 304 0
[26/May/2026 11:35:13] "GET /static/admin/css/dark_mode.css HTTP/1.1" 304 0
[26/May/2026 11:35:13] "GET /static/admin/css/nav_sidebar.css HTTP/1.1" 304 0
[26/May/2026 11:35:13] "GET /static/admin/js/core.js HTTP/1.1" 304 0
[26/May/2026 11:35:13] "GET /static/admin/css/base.css HTTP/1.1" 304 0
[26/May/2026 11:35:13] "GET /static/admin/css/changelists.css HTTP/1.1" 304 0
[26/May/2026 11:35:13] "GET /static/admin/js/jquery.init.js HTTP/1.1" 304 0
[26/May/2026 11:35:13] "GET /static/admin/js/prepopulate.js HTTP/1.1" 304 0
[26/May/2026 11:35:13] "GET /static/admin/js/urlify.js HTTP/1.1" 304 0
[26/May/2026 11:35:13] "GET /static/admin/js/filters.js HTTP/1.1" 304 0
[26/May/2026 11:35:13] "GET /static/admin/js/admin/RelatedObjectLookups.js HTTP/1.1" 304 0
[26/May/2026 11:35:13] "GET /static/admin/js/actions.js HTTP/1.1" 304 0
[26/May/2026 11:35:14] "GET /static/admin/js/vendor/jquery/jquery.js HTTP/1.1" 304 0
[26/May/2026 11:35:14] "GET /static/admin/js/vendor/xregexp/xregexp.js HTTP/1.1" 304 0
[26/May/2026 11:35:14] "GET /static/admin/css/responsive.css HTTP/1.1" 304 0
[26/May/2026 11:35:14] "GET /static/admin/img/search.svg HTTP/1.1" 304 0
[26/May/2026 11:35:14] "GET /static/admin/img/icon-yes.svg HTTP/1.1" 304 0
[26/May/2026 11:35:14] "GET /admin/jsi18n/ HTTP/1.1" 200 3342
[26/May/2026 11:35:14] "GET /static/admin/img/sorting-icons.svg HTTP/1.1" 304 0
[26/May/2026 11:35:14] "GET /static/admin/img/icon-viewlink.svg HTTP/1.1" 304 0
[26/May/2026 11:35:14] "GET /static/admin/img/tooltag-add.svg HTTP/1.1" 304 0
[26/May/2026 11:35:39] "GET /admin/speaking/speakingquestion/81/change/ HTTP/1.1" 200 26385
[26/May/2026 11:35:39] "GET /static/admin/css/forms.css HTTP/1.1" 304 0
[26/May/2026 11:35:39] "GET /admin/jsi18n/ HTTP/1.1" 200 3342
[26/May/2026 11:35:39] "GET /static/admin/img/icon-changelink.svg HTTP/1.1" 304 0
[26/May/2026 11:35:39] "GET /static/admin/js/change_form.js HTTP/1.1" 304 0
[26/May/2026 11:35:39] "GET /static/admin/js/prepopulate_init.js HTTP/1.1" 304 0
[26/May/2026 11:35:39] "GET /static/admin/img/icon-addlink.svg HTTP/1.1" 304 0
[26/May/2026 11:35:39] "GET /static/admin/css/widgets.css HTTP/1.1" 304 0
[26/May/2026 11:36:10] "GET /admin/speaking/speakingquestion/81/delete/ HTTP/1.1" 200 18099
[26/May/2026 11:36:11] "GET /static/admin/js/cancel.js HTTP/1.1" 200 884
[26/May/2026 11:36:13] "POST /admin/speaking/speakingquestion/81/delete/ HTTP/1.1" 302 0
[26/May/2026 11:36:13] "GET /admin/speaking/speakingquestion/ HTTP/1.1" 200 75131
[26/May/2026 11:36:13] "GET /admin/jsi18n/ HTTP/1.1" 200 3342
[26/May/2026 11:36:16] "GET /speaking/topics/14/ HTTP/1.1" 200 6661
[26/May/2026 11:36:17] "GET /speaking/topics/ HTTP/1.1" 200 11643
[26/May/2026 11:36:22] "GET /speaking/topics/14/ HTTP/1.1" 200 6661
[26/May/2026 11:36:25] "GET /admin/speaking/ HTTP/1.1" 200 6799
[26/May/2026 11:36:26] "GET /static/admin/css/dashboard.css HTTP/1.1" 304 0
[26/May/2026 11:36:30] "GET /admin/speaking/speakingtopic/ HTTP/1.1" 200 29767
[26/May/2026 11:36:30] "GET /admin/jsi18n/ HTTP/1.1" 200 3342
[26/May/2026 11:36:34] "GET /admin/speaking/speakingtopic/14/change/ HTTP/1.1" 200 27002
[26/May/2026 11:36:35] "GET /admin/jsi18n/ HTTP/1.1" 200 3342
[26/May/2026 11:36:35] "GET /static/admin/js/inlines.js HTTP/1.1" 304 0
[26/May/2026 11:36:35] "GET /static/admin/img/inline-delete.svg HTTP/1.1" 304 0
[26/May/2026 11:36:39] "POST /admin/speaking/speakingtopic/14/change/ HTTP/1.1" 302 0
[26/May/2026 11:36:40] "GET /admin/speaking/speakingtopic/ HTTP/1.1" 200 29995
[26/May/2026 11:36:40] "GET /admin/jsi18n/ HTTP/1.1" 200 3342
[26/May/2026 11:36:41] "GET /speaking/topics/14/questions/create/ HTTP/1.1" 200 8345
[26/May/2026 11:37:05] "POST /speaking/topics/14/questions/create/ HTTP/1.1" 302 0
[26/May/2026 11:37:05] "GET /speaking/topics/14/ HTTP/1.1" 200 7026
[26/May/2026 11:37:08] "GET /speaking/questions/82/ HTTP/1.1" 200 8026
[26/May/2026 11:52:17] "POST /speaking/questions/82/answers/create/ HTTP/1.1" 302 0
[26/May/2026 11:52:17] "GET /speaking/questions/82/ HTTP/1.1" 200 9745
Not Found: /apple-touch-icon-precomposed.png
[27/May/2026 02:59:00] "GET /apple-touch-icon-precomposed.png HTTP/1.1" 404 3741
[27/May/2026 02:59:00] "GET /speaking/topics/ HTTP/1.1" 200 11643
Not Found: /favicon.ico
[27/May/2026 02:59:00] "GET /favicon.ico HTTP/1.1" 404 3678
Not Found: /apple-touch-icon.png
[27/May/2026 02:59:00] "GET /apple-touch-icon.png HTTP/1.1" 404 3705
[27/May/2026 09:07:50] "GET / HTTP/1.1" 302 0
[27/May/2026 09:07:50] "GET /admin/login/?next=/ HTTP/1.1" 200 4068
[28/May/2026 05:40:02] "GET / HTTP/1.1" 302 0
[28/May/2026 05:40:02] "GET /admin/login/?next=/ HTTP/1.1" 200 4068
Not Found: /apple-touch-icon-precomposed.png
[29/May/2026 03:06:08] "GET /apple-touch-icon-precomposed.png HTTP/1.1" 404 3741
[29/May/2026 03:06:08] "GET /speaking/topics/ HTTP/1.1" 200 11643
Not Found: /apple-touch-icon.png
[29/May/2026 03:06:08] "GET /apple-touch-icon.png HTTP/1.1" 404 3705
Not Found: /favicon.ico
[29/May/2026 03:06:08] "GET /favicon.ico HTTP/1.1" 404 3678
[30/May/2026 09:25:31] "GET / HTTP/1.1" 302 0
[30/May/2026 09:25:32] "GET /admin/login/?next=/ HTTP/1.1" 200 4068
[30/May/2026 23:36:43] "GET / HTTP/1.1" 302 0
[30/May/2026 23:36:43] "GET /admin/login/?next=/ HTTP/1.1" 200 4068
Not Found: /apple-touch-icon-precomposed.png
[31/May/2026 11:43:10] "GET /apple-touch-icon-precomposed.png HTTP/1.1" 404 3741
[31/May/2026 11:43:10] "GET /speaking/topics/ HTTP/1.1" 200 11643
Not Found: /apple-touch-icon.png
[31/May/2026 11:43:10] "GET /apple-touch-icon.png HTTP/1.1" 404 3705
Not Found: /favicon.ico
[31/May/2026 11:43:10] "GET /favicon.ico HTTP/1.1" 404 3678
[01/Jun/2026 00:53:18] "GET / HTTP/1.1" 200 10566
[01/Jun/2026 00:59:24] "GET / HTTP/1.1" 302 0
[01/Jun/2026 00:59:24] "GET /admin/login/?next=/ HTTP/1.1" 200 4068
[01/Jun/2026 00:59:24] "GET /static/admin/css/base.css HTTP/1.1" 200 23100
[01/Jun/2026 00:59:24] "GET /static/admin/css/responsive.css HTTP/1.1" 200 16273
[01/Jun/2026 00:59:24] "GET /static/admin/css/dark_mode.css HTTP/1.1" 304 0
[01/Jun/2026 00:59:24] "GET /static/admin/css/nav_sidebar.css HTTP/1.1" 304 0
[01/Jun/2026 00:59:24] "GET /static/admin/css/login.css HTTP/1.1" 304 0
[01/Jun/2026 00:59:24] "GET /static/admin/js/theme.js HTTP/1.1" 304 0
[01/Jun/2026 00:59:25] "GET /static/admin/js/nav_sidebar.js HTTP/1.1" 304 0
[01/Jun/2026 00:59:29] "POST /admin/login/?next=/ HTTP/1.1" 302 0
[01/Jun/2026 00:59:29] "GET / HTTP/1.1" 200 10566
[01/Jun/2026 01:00:39] "GET /writing/ HTTP/1.1" 200 22909
[01/Jun/2026 01:00:42] "GET /writing/add/ HTTP/1.1" 200 10708
[01/Jun/2026 01:17:06] "POST /writing/add/ HTTP/1.1" 302 0
[01/Jun/2026 01:17:07] "GET /writing/13/ HTTP/1.1" 200 13496
Not Found: /favicon.ico
[01/Jun/2026 01:17:20] "GET /favicon.ico HTTP/1.1" 404 3678
[01/Jun/2026 01:20:11] "GET /writing/ HTTP/1.1" 200 23816
[01/Jun/2026 01:20:15] "GET /writing/add/ HTTP/1.1" 200 10708
[01/Jun/2026 01:36:46] "POST /writing/add/ HTTP/1.1" 302 0
[01/Jun/2026 01:36:46] "GET /writing/14/ HTTP/1.1" 200 14172
[01/Jun/2026 05:05:41] "GET / HTTP/1.1" 200 10566
[01/Jun/2026 05:05:44] "GET /writing/ HTTP/1.1" 200 24727
[01/Jun/2026 05:07:34] "GET /writing/add/ HTTP/1.1" 200 10708
[01/Jun/2026 05:15:14] "GET / HTTP/1.1" 200 10566
[01/Jun/2026 05:15:17] "GET /writing/ HTTP/1.1" 200 24727
[01/Jun/2026 05:15:18] "GET /writing/14/ HTTP/1.1" 200 14172
[01/Jun/2026 05:26:25] "GET /writing/ HTTP/1.1" 200 24727
[01/Jun/2026 05:26:42] "GET /writing/14/ HTTP/1.1" 200 14172
[01/Jun/2026 05:26:48] "GET /writing/13/ HTTP/1.1" 200 13496
[01/Jun/2026 05:27:23] "GET /writing/ HTTP/1.1" 200 24727
[01/Jun/2026 05:27:24] "GET /writing/14/ HTTP/1.1" 200 14172
[01/Jun/2026 06:00:34] "POST /writing/add/ HTTP/1.1" 302 0
[01/Jun/2026 06:00:34] "GET /writing/15/ HTTP/1.1" 200 14273
[01/Jun/2026 10:52:07] "GET / HTTP/1.1" 200 10566
[01/Jun/2026 10:52:09] "GET /writing/ HTTP/1.1" 200 25634
[01/Jun/2026 10:52:10] "GET /writing/15/ HTTP/1.1" 200 14273
[01/Jun/2026 12:35:32] "GET / HTTP/1.1" 302 0
[01/Jun/2026 12:35:32] "GET /admin/login/?next=/ HTTP/1.1" 200 4068
[02/Jun/2026 05:55:06] "GET /speaking/questions/82/ HTTP/1.1" 200 9745
Not Found: /favicon.ico
[02/Jun/2026 05:55:06] "GET /favicon.ico HTTP/1.1" 404 3678
Not Found: /apple-touch-icon-precomposed.png
[02/Jun/2026 05:55:09] "GET /apple-touch-icon-precomposed.png HTTP/1.1" 404 3741
Not Found: /apple-touch-icon.png
[02/Jun/2026 05:55:10] "GET /apple-touch-icon.png HTTP/1.1" 404 3705
[02/Jun/2026 06:59:13] "GET / HTTP/1.1" 302 0
[02/Jun/2026 06:59:14] "GET /admin/login/?next=/ HTTP/1.1" 200 4068
[02/Jun/2026 06:59:14] "GET /static/admin/css/base.css HTTP/1.1" 200 23100
[02/Jun/2026 06:59:14] "GET /static/admin/css/dark_mode.css HTTP/1.1" 200 3538
[02/Jun/2026 06:59:14] "GET /static/admin/css/responsive.css HTTP/1.1" 200 16273
[02/Jun/2026 06:59:14] "GET /static/admin/js/theme.js HTTP/1.1" 200 1653
[02/Jun/2026 06:59:14] "GET /static/admin/css/login.css HTTP/1.1" 200 951
[02/Jun/2026 06:59:14] "GET /static/admin/js/nav_sidebar.js HTTP/1.1" 200 3063
[02/Jun/2026 06:59:14] "GET /static/admin/css/nav_sidebar.css HTTP/1.1" 200 2810
Not Found: /favicon.ico
[02/Jun/2026 06:59:15] "GET /favicon.ico HTTP/1.1" 404 3678
Not Found: /apple-touch-icon-precomposed.png
[02/Jun/2026 06:59:15] "GET /apple-touch-icon-precomposed.png HTTP/1.1" 404 3741
Not Found: /favicon.ico
Not Found: /apple-touch-icon.png
[02/Jun/2026 06:59:15] "GET /favicon.ico HTTP/1.1" 404 3678
[02/Jun/2026 06:59:15] "GET /apple-touch-icon.png HTTP/1.1" 404 3705
[02/Jun/2026 06:59:20] "POST /admin/login/?next=/ HTTP/1.1" 302 0
[02/Jun/2026 06:59:21] "GET / HTTP/1.1" 200 10566
Not Found: /apple-touch-icon-precomposed.png
[02/Jun/2026 06:59:22] "GET /apple-touch-icon-precomposed.png HTTP/1.1" 404 3741
Not Found: /favicon.ico
[02/Jun/2026 06:59:22] "GET /favicon.ico HTTP/1.1" 404 3678
Not Found: /apple-touch-icon.png
[02/Jun/2026 06:59:22] "GET /apple-touch-icon.png HTTP/1.1" 404 3705
[02/Jun/2026 06:59:25] "GET /words/ HTTP/1.1" 200 131456
Not Found: /favicon.ico
Not Found: /apple-touch-icon-precomposed.png
Not Found: /apple-touch-icon.png
[02/Jun/2026 06:59:27] "GET /apple-touch-icon-precomposed.png HTTP/1.1" 404 3741
[02/Jun/2026 06:59:27] "GET /apple-touch-icon.png HTTP/1.1" 404 3705
[02/Jun/2026 06:59:27] "GET /favicon.ico HTTP/1.1" 404 3678
[02/Jun/2026 06:59:39] "GET /words/add/ HTTP/1.1" 200 10235
[02/Jun/2026 06:59:50] "GET /words/ HTTP/1.1" 200 131456
[02/Jun/2026 06:59:57] "GET /words/?q=vibrant HTTP/1.1" 200 8710
[02/Jun/2026 07:00:02] "GET /words/add/ HTTP/1.1" 200 10235
[02/Jun/2026 07:00:13] "POST /words/add/ HTTP/1.1" 302 0
[02/Jun/2026 07:00:13] "GET /words/101/ HTTP/1.1" 200 11031
[02/Jun/2026 07:00:58] "GET /words/ HTTP/1.1" 200 132715
[02/Jun/2026 07:03:34] "GET /words/add/ HTTP/1.1" 200 10235
[02/Jun/2026 07:03:46] "POST /words/add/ HTTP/1.1" 302 0
[02/Jun/2026 07:03:47] "GET /words/102/ HTTP/1.1" 200 11039
[02/Jun/2026 07:04:50] "GET /words/ HTTP/1.1" 200 133958
[02/Jun/2026 07:04:53] "GET /words/add/ HTTP/1.1" 200 10235
[02/Jun/2026 07:05:18] "POST /words/add/ HTTP/1.1" 302 0
[02/Jun/2026 07:05:18] "GET /words/103/ HTTP/1.1" 200 11007
[02/Jun/2026 07:26:52] "GET /words/ HTTP/1.1" 200 135206
[02/Jun/2026 07:26:54] "GET /words/add/ HTTP/1.1" 200 10235
[02/Jun/2026 07:27:53] "POST /words/add/ HTTP/1.1" 302 0
[02/Jun/2026 07:27:54] "GET /words/104/ HTTP/1.1" 200 11044
[02/Jun/2026 07:29:19] "POST /words/add/ HTTP/1.1" 302 0
[02/Jun/2026 07:29:19] "GET /words/105/ HTTP/1.1" 200 11080
[02/Jun/2026 07:33:02] "POST /words/add/ HTTP/1.1" 302 0
[02/Jun/2026 07:33:02] "GET /words/106/ HTTP/1.1" 200 11051
[02/Jun/2026 07:35:08] "POST /words/add/ HTTP/1.1" 302 0
[02/Jun/2026 07:35:09] "GET /words/107/ HTTP/1.1" 200 11054
[02/Jun/2026 07:37:56] "POST /words/add/ HTTP/1.1" 302 0
[02/Jun/2026 07:37:57] "GET /words/108/ HTTP/1.1" 200 11035
[02/Jun/2026 07:43:37] "POST /words/add/ HTTP/1.1" 302 0
[02/Jun/2026 07:43:38] "GET /words/109/ HTTP/1.1" 200 11037
Not Found: /apple-touch-icon-precomposed.png
[02/Jun/2026 11:47:48] "GET /apple-touch-icon-precomposed.png HTTP/1.1" 404 3741
Not Found: /favicon.ico
[02/Jun/2026 11:47:48] "GET /favicon.ico HTTP/1.1" 404 3678
Not Found: /apple-touch-icon.png
[02/Jun/2026 11:47:48] "GET /apple-touch-icon.png HTTP/1.1" 404 3705
[02/Jun/2026 11:47:48] "GET /speaking/topics/ HTTP/1.1" 200 11643
[02/Jun/2026 11:48:05] "POST /words/add/ HTTP/1.1" 302 0
[02/Jun/2026 11:48:06] "GET /words/110/ HTTP/1.1" 200 11018
[02/Jun/2026 11:49:26] "POST /words/add/ HTTP/1.1" 302 0
[02/Jun/2026 11:49:26] "GET /words/111/ HTTP/1.1" 200 11006
[02/Jun/2026 13:16:24] "GET / HTTP/1.1" 302 0
[02/Jun/2026 13:16:24] "GET /admin/login/?next=/ HTTP/1.1" 200 4068
[02/Jun/2026 14:53:33] "POST /words/add/ HTTP/1.1" 302 0
[02/Jun/2026 14:53:33] "GET /words/112/ HTTP/1.1" 200 11014
[02/Jun/2026 14:59:20] "POST /words/add/ HTTP/1.1" 302 0
[02/Jun/2026 14:59:20] "GET /words/113/ HTTP/1.1" 200 11035
[02/Jun/2026 15:10:10] "POST /words/add/ HTTP/1.1" 302 0
[02/Jun/2026 15:10:11] "GET /words/114/ HTTP/1.1" 200 11081
[02/Jun/2026 15:12:12] "POST /words/add/ HTTP/1.1" 302 0
[02/Jun/2026 15:12:12] "GET /words/115/ HTTP/1.1" 200 11047
[03/Jun/2026 01:26:09] "POST /words/add/ HTTP/1.1" 302 0
[03/Jun/2026 01:26:09] "GET /words/116/ HTTP/1.1" 200 11004
[03/Jun/2026 01:38:47] "POST /words/add/ HTTP/1.1" 302 0
[03/Jun/2026 01:38:47] "GET /words/117/ HTTP/1.1" 200 11093
[03/Jun/2026 01:41:12] "POST /words/add/ HTTP/1.1" 302 0
[03/Jun/2026 01:41:12] "GET /words/118/ HTTP/1.1" 200 11023
[03/Jun/2026 01:43:37] "POST /words/add/ HTTP/1.1" 302 0
[03/Jun/2026 01:43:37] "GET /words/119/ HTTP/1.1" 200 11014
[03/Jun/2026 03:26:05] "POST /words/add/ HTTP/1.1" 302 0
[03/Jun/2026 03:26:05] "GET /words/120/ HTTP/1.1" 200 11012
[03/Jun/2026 11:05:04] "GET /words/ HTTP/1.1" 200 135312
Not Found: /apple-touch-icon-precomposed.png
[03/Jun/2026 11:05:05] "GET /apple-touch-icon-precomposed.png HTTP/1.1" 404 3741
Not Found: /favicon.ico
[03/Jun/2026 11:05:05] "GET /favicon.ico HTTP/1.1" 404 3678
Not Found: /apple-touch-icon.png
[03/Jun/2026 11:05:05] "GET /apple-touch-icon.png HTTP/1.1" 404 3705
[03/Jun/2026 21:58:27] "GET / HTTP/1.1" 302 0
[03/Jun/2026 21:58:27] "GET /admin/login/?next=/ HTTP/1.1" 200 4068
Not Found: /apple-touch-icon-precomposed.png
[04/Jun/2026 06:25:49] "GET /apple-touch-icon-precomposed.png HTTP/1.1" 404 3741
Not Found: /favicon.ico
[04/Jun/2026 06:25:50] "GET /favicon.ico HTTP/1.1" 404 3678
Not Found: /apple-touch-icon.png
[04/Jun/2026 06:25:50] "GET /apple-touch-icon.png HTTP/1.1" 404 3705
Not Found: /apple-touch-icon-precomposed.png
[04/Jun/2026 11:56:16] "GET /apple-touch-icon-precomposed.png HTTP/1.1" 404 3741
[04/Jun/2026 11:56:16] "GET /speaking/topics/ HTTP/1.1" 200 11643
Not Found: /apple-touch-icon.png
[04/Jun/2026 11:56:16] "GET /apple-touch-icon.png HTTP/1.1" 404 3705
Not Found: /favicon.ico
[04/Jun/2026 11:56:16] "GET /favicon.ico HTTP/1.1" 404 3678
[05/Jun/2026 15:32:34] "GET / HTTP/1.1" 200 10566
Not Found: /apple-touch-icon-precomposed.png
[05/Jun/2026 15:32:34] "GET /apple-touch-icon-precomposed.png HTTP/1.1" 404 3741
Not Found: /apple-touch-icon.png
[05/Jun/2026 15:32:35] "GET /apple-touch-icon.png HTTP/1.1" 404 3705
Not Found: /favicon.ico
[05/Jun/2026 15:32:35] "GET /favicon.ico HTTP/1.1" 404 3678
[05/Jun/2026 15:32:38] "GET / HTTP/1.1" 200 10566
[05/Jun/2026 16:54:49] "GET / HTTP/1.1" 302 0
[05/Jun/2026 16:54:49] "GET /admin/login/?next=/ HTTP/1.1" 200 4068
[06/Jun/2026 05:01:45] "GET /words/ HTTP/1.1" 302 0
[06/Jun/2026 05:01:45] "GET /admin/login/?next=/words/ HTTP/1.1" 200 4080
[06/Jun/2026 05:01:45] "GET /static/admin/css/base.css HTTP/1.1" 200 23100
[06/Jun/2026 05:01:45] "GET /static/admin/css/dark_mode.css HTTP/1.1" 200 3538
[06/Jun/2026 05:01:45] "GET /static/admin/css/login.css HTTP/1.1" 200 951
[06/Jun/2026 05:01:45] "GET /static/admin/css/nav_sidebar.css HTTP/1.1" 200 2810
[06/Jun/2026 05:01:45] "GET /static/admin/css/responsive.css HTTP/1.1" 200 16273
Not Found: /apple-touch-icon-precomposed.png
[07/Jun/2026 01:23:30] "GET /apple-touch-icon-precomposed.png HTTP/1.1" 404 3741
[07/Jun/2026 01:23:30] "GET /speaking/topics/ HTTP/1.1" 200 11643
Not Found: /favicon.ico
[07/Jun/2026 01:23:30] "GET /favicon.ico HTTP/1.1" 404 3678
Not Found: /apple-touch-icon.png
[07/Jun/2026 01:23:30] "GET /apple-touch-icon.png HTTP/1.1" 404 3705
[08/Jun/2026 08:46:19] "GET / HTTP/1.1" 302 0
[08/Jun/2026 08:46:19] "GET /admin/login/?next=/ HTTP/1.1" 200 4068
[08/Jun/2026 14:36:52] "GET /speaking/topics/14/ HTTP/1.1" 200 7029
Not Found: /apple-touch-icon-precomposed.png
[08/Jun/2026 14:36:52] "GET /apple-touch-icon-precomposed.png HTTP/1.1" 404 3741
Not Found: /apple-touch-icon.png
[08/Jun/2026 14:36:53] "GET /apple-touch-icon.png HTTP/1.1" 404 3705
[08/Jun/2026 14:36:53] "GET /speaking/topics/ HTTP/1.1" 200 11643
[08/Jun/2026 14:36:57] "GET /speaking/topics/ HTTP/1.1" 200 11643
[08/Jun/2026 14:36:59] "GET / HTTP/1.1" 302 0
[08/Jun/2026 14:36:59] "GET /admin/login/?next=/ HTTP/1.1" 200 4068
[08/Jun/2026 14:37:00] "GET /static/admin/css/dark_mode.css HTTP/1.1" 304 0
[08/Jun/2026 14:37:00] "GET /static/admin/css/base.css HTTP/1.1" 304 0
[08/Jun/2026 14:37:00] "GET /static/admin/css/responsive.css HTTP/1.1" 304 0
[08/Jun/2026 14:37:00] "GET /static/admin/css/login.css HTTP/1.1" 304 0
[08/Jun/2026 14:37:00] "GET /static/admin/js/nav_sidebar.js HTTP/1.1" 304 0
[08/Jun/2026 14:37:00] "GET /static/admin/css/nav_sidebar.css HTTP/1.1" 304 0
[08/Jun/2026 14:37:00] "GET /static/admin/js/theme.js HTTP/1.1" 304 0
[08/Jun/2026 14:37:05] "POST /admin/login/?next=/ HTTP/1.1" 302 0
[08/Jun/2026 14:37:06] "GET / HTTP/1.1" 200 10566
[08/Jun/2026 14:37:10] "GET /practice/ HTTP/1.1" 200 8370
[08/Jun/2026 14:37:13] "GET /practice/run/?type=random&limit=10 HTTP/1.1" 200 13884
[08/Jun/2026 14:37:13] "GET /static/js/practice.js HTTP/1.1" 304 0
[08/Jun/2026 14:37:31] "POST /practice/submit/ HTTP/1.1" 200 154
[08/Jun/2026 14:37:46] "POST /practice/submit/ HTTP/1.1" 200 162
[08/Jun/2026 14:37:53] "POST /practice/submit/ HTTP/1.1" 200 161
[08/Jun/2026 14:38:17] "POST /practice/submit/ HTTP/1.1" 200 189
[08/Jun/2026 14:38:29] "POST /practice/submit/ HTTP/1.1" 200 188
[08/Jun/2026 14:38:53] "POST /practice/submit/ HTTP/1.1" 200 151
[08/Jun/2026 14:39:29] "POST /practice/submit/ HTTP/1.1" 200 234
[08/Jun/2026 14:40:12] "POST /practice/submit/ HTTP/1.1" 200 180
[08/Jun/2026 14:40:27] "POST /practice/submit/ HTTP/1.1" 200 179
[08/Jun/2026 14:40:34] "POST /practice/submit/ HTTP/1.1" 200 233
[08/Jun/2026 14:41:08] "POST /practice/submit/ HTTP/1.1" 200 167
[08/Jun/2026 14:41:11] "POST /practice/submit/ HTTP/1.1" 200 168
[08/Jun/2026 14:41:34] "POST /practice/submit/ HTTP/1.1" 200 173
[08/Jun/2026 14:41:43] "POST /practice/submit/ HTTP/1.1" 200 172
[08/Jun/2026 14:42:09] "POST /practice/submit/ HTTP/1.1" 200 214
[08/Jun/2026 14:42:26] "POST /practice/submit/ HTTP/1.1" 200 213
[08/Jun/2026 14:42:45] "POST /practice/submit/ HTTP/1.1" 200 197
[08/Jun/2026 14:42:52] "POST /practice/submit/ HTTP/1.1" 200 196
[08/Jun/2026 14:42:55] "POST /practice/submit/ HTTP/1.1" 200 196
[08/Jun/2026 14:42:56] "POST /practice/submit/ HTTP/1.1" 200 196
[08/Jun/2026 14:42:59] "POST /practice/submit/ HTTP/1.1" 200 196
[08/Jun/2026 14:43:00] "POST /practice/submit/ HTTP/1.1" 200 197
[08/Jun/2026 14:43:17] "POST /practice/submit/ HTTP/1.1" 200 154
[08/Jun/2026 14:43:37] "POST /practice/submit/ HTTP/1.1" 200 154
[08/Jun/2026 14:43:38] "POST /practice/submit/ HTTP/1.1" 200 162
[08/Jun/2026 14:43:43] "POST /practice/submit/ HTTP/1.1" 200 161
[08/Jun/2026 14:43:53] "POST /practice/submit/ HTTP/1.1" 200 188
[08/Jun/2026 14:43:55] "POST /practice/submit/ HTTP/1.1" 200 188
[08/Jun/2026 14:43:56] "POST /practice/submit/ HTTP/1.1" 200 188
[08/Jun/2026 14:43:59] "POST /practice/submit/ HTTP/1.1" 200 189
[08/Jun/2026 14:44:03] "POST /practice/submit/ HTTP/1.1" 200 188
[08/Jun/2026 14:44:15] "POST /practice/submit/ HTTP/1.1" 200 151
[08/Jun/2026 14:44:16] "POST /practice/submit/ HTTP/1.1" 200 151
[08/Jun/2026 14:44:21] "POST /practice/submit/ HTTP/1.1" 200 150
[08/Jun/2026 14:44:38] "POST /practice/submit/ HTTP/1.1" 200 233
[08/Jun/2026 14:44:47] "POST /practice/submit/ HTTP/1.1" 200 233
[08/Jun/2026 14:44:50] "POST /practice/submit/ HTTP/1.1" 200 234
[08/Jun/2026 14:45:00] "POST /practice/submit/ HTTP/1.1" 200 233
[08/Jun/2026 14:45:07] "POST /practice/submit/ HTTP/1.1" 200 179
[08/Jun/2026 14:45:14] "POST /practice/submit/ HTTP/1.1" 200 167
[08/Jun/2026 14:45:30] "POST /practice/submit/ HTTP/1.1" 200 172
[08/Jun/2026 14:45:33] "POST /practice/submit/ HTTP/1.1" 200 172
[08/Jun/2026 14:45:33] "POST /practice/submit/ HTTP/1.1" 200 172
[08/Jun/2026 14:45:36] "POST /practice/submit/ HTTP/1.1" 200 173
[08/Jun/2026 14:45:53] "POST /practice/submit/ HTTP/1.1" 200 213
[08/Jun/2026 14:46:01] "POST /practice/submit/ HTTP/1.1" 200 196
[08/Jun/2026 16:34:49] code 400, message Bad HTTP/0.9 request type ('\\x16\\x03\\x03\\x02a\\x01\\x00\\x02]\\x03\\x03Gh\xa8')
[08/Jun/2026 16:34:49] You're accessing the development server over HTTPS, but it only supports HTTP.
[08/Jun/2026 16:34:52] "GET / HTTP/1.1" 302 0
[08/Jun/2026 16:37:21] "GET /admin/login/?next=/ HTTP/1.1" 200 4068
Not Found: /favicon.ico
[08/Jun/2026 16:37:42] "GET /favicon.ico HTTP/1.1" 404 3678
[08/Jun/2026 17:26:32] "GET / HTTP/1.1" 302 0
[08/Jun/2026 17:26:34] "GET /admin/login/?next=/ HTTP/1.1" 200 4068
[09/Jun/2026 05:02:13] "GET / HTTP/1.1" 200 10566
Not Found: /favicon.ico
[09/Jun/2026 05:02:14] "GET /favicon.ico HTTP/1.1" 404 3678
[09/Jun/2026 05:02:18] "GET /writing/ HTTP/1.1" 200 25634
[09/Jun/2026 05:02:32] "GET /writing/add/ HTTP/1.1" 200 10708
/home/singularsquare2017/work/word_echo/apps/writing/models.py changed, reloading.
Performing system checks...

System check identified no issues (0 silenced).
May 16, 2026 - 12:10:55
Django version 6.0.3, using settings 'word_echo.settings'
Starting development server at http://0.0.0.0:12345/
Quit the server with CONTROL-C.

WARNING: This is a development server. Do not use it in a production setting. Use a production WSGI or ASGI server instead.
For more information on production servers see: https://docs.djangoproject.com/en/6.0/howto/deployment/
Watching for file changes with StatReloader
/home/singularsquare2017/work/word_echo/apps/writing/forms.py changed, reloading.
Performing system checks...

System check identified no issues (0 silenced).
June 09, 2026 - 05:09:03
Django version 6.0.3, using settings 'word_echo.settings'
Starting development server at http://0.0.0.0:12345/
Quit the server with CONTROL-C.

WARNING: This is a development server. Do not use it in a production setting. Use a production WSGI or ASGI server instead.
For more information on production servers see: https://docs.djangoproject.com/en/6.0/howto/deployment/
Watching for file changes with StatReloader
/home/singularsquare2017/work/word_echo/apps/writing/views.py changed, reloading.
Performing system checks...

System check identified no issues (0 silenced).
June 09, 2026 - 05:09:24
Django version 6.0.3, using settings 'word_echo.settings'
Starting development server at http://0.0.0.0:12345/
Quit the server with CONTROL-C.

WARNING: This is a development server. Do not use it in a production setting. Use a production WSGI or ASGI server instead.
For more information on production servers see: https://docs.djangoproject.com/en/6.0/howto/deployment/
Watching for file changes with StatReloader
/home/singularsquare2017/work/word_echo/apps/writing/views.py changed, reloading.
Performing system checks...

System check identified no issues (0 silenced).
June 09, 2026 - 05:10:32
Django version 6.0.3, using settings 'word_echo.settings'
Starting development server at http://0.0.0.0:12345/
Quit the server with CONTROL-C.

WARNING: This is a development server. Do not use it in a production setting. Use a production WSGI or ASGI server instead.
For more information on production servers see: https://docs.djangoproject.com/en/6.0/howto/deployment/
Watching for file changes with StatReloader
/home/singularsquare2017/work/word_echo/word_echo/settings.py changed, reloading.
Performing system checks...

System check identified no issues (0 silenced).
June 09, 2026 - 05:11:00
Django version 6.0.3, using settings 'word_echo.settings'
Starting development server at http://0.0.0.0:12345/
Quit the server with CONTROL-C.

WARNING: This is a development server. Do not use it in a production setting. Use a production WSGI or ASGI server instead.
For more information on production servers see: https://docs.djangoproject.com/en/6.0/howto/deployment/
Traceback (most recent call last):
  File "/home/singularsquare2017/work/word_echo/manage.py", line 22, in <module>
    main()
  File "/home/singularsquare2017/work/word_echo/manage.py", line 18, in main
    execute_from_command_line(sys.argv)
  File "/home/singularsquare2017/work/word_echo/python_venv/lib/python3.12/site-packages/django/core/management/__init__.py", line 443, in execute_from_command_line
    utility.execute()
  File "/home/singularsquare2017/work/word_echo/python_venv/lib/python3.12/site-packages/django/core/management/__init__.py", line 383, in execute
    settings.INSTALLED_APPS
  File "/home/singularsquare2017/work/word_echo/python_venv/lib/python3.12/site-packages/django/conf/__init__.py", line 75, in __getattr__
    self._setup(name)
  File "/home/singularsquare2017/work/word_echo/python_venv/lib/python3.12/site-packages/django/conf/__init__.py", line 62, in _setup
    self._wrapped = Settings(settings_module)
                    ^^^^^^^^^^^^^^^^^^^^^^^^^
  File "/home/singularsquare2017/work/word_echo/python_venv/lib/python3.12/site-packages/django/conf/__init__.py", line 162, in __init__
    mod = importlib.import_module(self.SETTINGS_MODULE)
          ^^^^^^^^^^^^^^^^^^^^^^^^^^^^^^^^^^^^^^^^^^^^^
  File "/usr/lib/python3.12/importlib/__init__.py", line 90, in import_module
    return _bootstrap._gcd_import(name[level:], package, level)
           ^^^^^^^^^^^^^^^^^^^^^^^^^^^^^^^^^^^^^^^^^^^^^^^^^^^^
  File "<frozen importlib._bootstrap>", line 1387, in _gcd_import
  File "<frozen importlib._bootstrap>", line 1360, in _find_and_load
  File "<frozen importlib._bootstrap>", line 1331, in _find_and_load_unlocked
  File "<frozen importlib._bootstrap>", line 935, in _load_unlocked
  File "<frozen importlib._bootstrap_external>", line 995, in exec_module
  File "<frozen importlib._bootstrap>", line 488, in _call_with_frames_removed
  File "/home/singularsquare2017/work/word_echo/word_echo/settings.py", line 131, in <module>
    MEDIA_ROOT = os.path.join(BASE_DIR, "media")
                 ^^
NameError: name 'os' is not defined. Did you forget to import 'os'?
Watching for file changes with StatReloader
[09/Jun/2026 05:22:17] "GET / HTTP/1.1" 200 10566
[09/Jun/2026 05:22:48] "GET /writing/ HTTP/1.1" 200 25634
[09/Jun/2026 05:22:50] "GET /writing/add/ HTTP/1.1" 200 10903
[11/Jun/2026 13:43:03] "GET / HTTP/1.1" 302 0
[11/Jun/2026 13:43:04] "GET /admin/login/?next=/ HTTP/1.1" 200 4068
[14/Jun/2026 10:08:30] "GET / HTTP/1.1" 302 0
[14/Jun/2026 10:08:30] "GET /admin/login/?next=/ HTTP/1.1" 200 4068
[15/Jun/2026 09:16:43] "GET / HTTP/1.1" 302 0
[15/Jun/2026 09:16:44] "GET /admin/login/?next=/ HTTP/1.1" 200 4068
[15/Jun/2026 09:16:44] "GET /static/admin/css/nav_sidebar.css HTTP/1.1" 304 0
[15/Jun/2026 09:16:44] "GET /static/admin/css/base.css HTTP/1.1" 304 0
[15/Jun/2026 09:16:44] "GET /static/admin/css/dark_mode.css HTTP/1.1" 304 0
[15/Jun/2026 09:16:44] "GET /static/admin/css/login.css HTTP/1.1" 304 0
[15/Jun/2026 09:16:44] "GET /static/admin/css/responsive.css HTTP/1.1" 304 0
[15/Jun/2026 09:16:44] "GET /static/admin/js/theme.js HTTP/1.1" 304 0
[15/Jun/2026 09:16:44] "GET /static/admin/js/nav_sidebar.js HTTP/1.1" 304 0
[15/Jun/2026 09:16:50] "POST /admin/login/?next=/ HTTP/1.1" 302 0
[15/Jun/2026 09:16:50] "GET / HTTP/1.1" 200 10566
[15/Jun/2026 09:17:01] "GET /phrases/ HTTP/1.1" 200 24890
[15/Jun/2026 09:17:04] "GET / HTTP/1.1" 200 10566
[15/Jun/2026 09:17:12] "GET /speaking/topics/ HTTP/1.1" 200 11643
[15/Jun/2026 09:17:13] "GET /speaking/topics/create/ HTTP/1.1" 200 8111
[15/Jun/2026 09:17:41] "POST /speaking/topics/create/ HTTP/1.1" 302 0
[15/Jun/2026 09:17:41] "GET /speaking/topics/15/ HTTP/1.1" 200 6916
[15/Jun/2026 09:17:46] "GET /speaking/topics/ HTTP/1.1" 200 12255
[15/Jun/2026 09:17:53] "GET /speaking/topics/15/ HTTP/1.1" 200 6916
[15/Jun/2026 09:17:55] "GET /speaking/topics/ HTTP/1.1" 200 12255
[15/Jun/2026 09:17:57] "GET /speaking/topics/9/ HTTP/1.1" 200 9102
[15/Jun/2026 09:17:59] "GET /speaking/topics/ HTTP/1.1" 200 12255
[15/Jun/2026 09:18:01] "GET /speaking/topics/15/ HTTP/1.1" 200 6916
[15/Jun/2026 09:18:04] "GET /speaking/topics/15/questions/create/ HTTP/1.1" 200 8335
[15/Jun/2026 09:18:53] "POST /speaking/topics/15/questions/create/ HTTP/1.1" 302 0
[15/Jun/2026 09:18:53] "GET /speaking/topics/15/ HTTP/1.1" 200 7261
[15/Jun/2026 09:19:01] "GET / HTTP/1.1" 200 10566
[15/Jun/2026 09:19:04] "GET /admin/login/?next=/ HTTP/1.1" 302 0
[15/Jun/2026 09:19:04] "GET /admin/ HTTP/1.1" 200 23370
[15/Jun/2026 09:19:04] "GET /static/admin/css/dashboard.css HTTP/1.1" 200 441
[15/Jun/2026 09:19:05] "GET /static/admin/img/icon-addlink.svg HTTP/1.1" 200 593
[15/Jun/2026 09:19:05] "GET /static/admin/img/icon-deletelink.svg HTTP/1.1" 200 689
[15/Jun/2026 09:19:05] "GET /static/admin/img/icon-changelink.svg HTTP/1.1" 200 978
[15/Jun/2026 09:19:10] "GET /admin/speaking/speakingquestion/ HTTP/1.1" 200 76232
[15/Jun/2026 09:19:10] "GET /admin/jsi18n/ HTTP/1.1" 200 3342
[15/Jun/2026 09:19:10] "GET /static/admin/js/jquery.init.js HTTP/1.1" 200 347
[15/Jun/2026 09:19:10] "GET /static/admin/css/changelists.css HTTP/1.1" 200 7498
[15/Jun/2026 09:19:10] "GET /static/admin/js/vendor/jquery/jquery.js HTTP/1.1" 200 285314
[15/Jun/2026 09:19:10] "GET /static/admin/js/core.js HTTP/1.1" 200 6208
[15/Jun/2026 09:19:10] "GET /static/admin/js/admin/RelatedObjectLookups.js HTTP/1.1" 200 9777
[15/Jun/2026 09:19:10] "GET /static/admin/js/actions.js HTTP/1.1" 200 8076
[15/Jun/2026 09:19:10] "GET /static/admin/js/urlify.js HTTP/1.1" 200 7887
[15/Jun/2026 09:19:10] "GET /static/admin/js/prepopulate.js HTTP/1.1" 200 1531
[15/Jun/2026 09:19:10] "GET /static/admin/img/search.svg HTTP/1.1" 200 607
[15/Jun/2026 09:19:10] "GET /static/admin/js/vendor/xregexp/xregexp.js HTTP/1.1" 200 325171
[15/Jun/2026 09:19:10] "GET /static/admin/img/icon-yes.svg HTTP/1.1" 200 558
[15/Jun/2026 09:19:11] "GET /static/admin/js/filters.js HTTP/1.1" 200 978
[15/Jun/2026 09:19:12] "GET /static/admin/img/icon-viewlink.svg HTTP/1.1" 200 928
[15/Jun/2026 09:19:12] "GET /static/admin/img/sorting-icons.svg HTTP/1.1" 200 1761
[15/Jun/2026 09:19:12] "GET /static/admin/img/tooltag-add.svg HTTP/1.1" 200 593
[15/Jun/2026 09:19:23] "GET /admin/speaking/speakingtopic/ HTTP/1.1" 200 30290
[15/Jun/2026 09:19:23] "GET /admin/jsi18n/ HTTP/1.1" 200 3342
[15/Jun/2026 09:19:27] "GET /admin/speaking/speakingtopic/15/change/ HTTP/1.1" 200 28628
[15/Jun/2026 09:19:27] "GET /admin/jsi18n/ HTTP/1.1" 200 3342
[15/Jun/2026 09:19:27] "GET /static/admin/js/inlines.js HTTP/1.1" 200 15628
[15/Jun/2026 09:19:27] "GET /static/admin/js/calendar.js HTTP/1.1" 200 9159
[15/Jun/2026 09:19:27] "GET /static/admin/css/forms.css HTTP/1.1" 200 8831
[15/Jun/2026 09:19:27] "GET /static/admin/js/admin/DateTimeShortcuts.js HTTP/1.1" 200 19698
[15/Jun/2026 09:19:27] "GET /static/admin/js/prepopulate_init.js HTTP/1.1" 200 586
[15/Jun/2026 09:19:27] "GET /static/admin/css/widgets.css HTTP/1.1" 200 11811
[15/Jun/2026 09:19:28] "GET /static/admin/js/change_form.js HTTP/1.1" 200 606
[15/Jun/2026 09:19:28] "GET /static/admin/img/inline-delete.svg HTTP/1.1" 200 651
[15/Jun/2026 09:19:28] "GET /static/admin/img/icon-clock.svg HTTP/1.1" 200 805
[15/Jun/2026 09:19:28] "GET /static/admin/img/icon-calendar.svg HTTP/1.1" 200 1112
[15/Jun/2026 09:19:35] "POST /admin/speaking/speakingtopic/15/change/ HTTP/1.1" 302 0
[15/Jun/2026 09:19:36] "GET /admin/speaking/speakingtopic/ HTTP/1.1" 200 30513
[15/Jun/2026 09:19:36] "GET /admin/jsi18n/ HTTP/1.1" 200 3342
[15/Jun/2026 09:19:40] "GET / HTTP/1.1" 200 10566
[15/Jun/2026 09:19:41] "GET /speaking/topics/ HTTP/1.1" 200 11996
[15/Jun/2026 09:19:45] "GET /speaking/topics/15/ HTTP/1.1" 200 6996
[15/Jun/2026 09:19:46] "GET /speaking/questions/83/ HTTP/1.1" 200 9192
[15/Jun/2026 09:19:50] "GET /speaking/topics/15/ HTTP/1.1" 200 6996
[15/Jun/2026 09:19:51] "GET /speaking/topics/ HTTP/1.1" 200 11996
[15/Jun/2026 09:19:52] "GET /speaking/topics/create/ HTTP/1.1" 200 8111
[15/Jun/2026 09:20:25] "POST /speaking/topics/create/ HTTP/1.1" 302 0
[15/Jun/2026 09:20:25] "GET /speaking/topics/16/ HTTP/1.1" 200 6659
[15/Jun/2026 09:20:27] "GET /speaking/topics/16/questions/create/ HTTP/1.1" 200 8343
[15/Jun/2026 09:21:03] "POST /speaking/topics/16/questions/create/ HTTP/1.1" 302 0
[15/Jun/2026 09:21:04] "GET /speaking/topics/16/ HTTP/1.1" 200 7003
[15/Jun/2026 09:21:05] "GET /speaking/questions/84/ HTTP/1.1" 200 8189
[15/Jun/2026 09:22:17] "GET /speaking/topics/16/ HTTP/1.1" 200 7003
[15/Jun/2026 09:22:18] "GET /speaking/questions/84/ HTTP/1.1" 200 8189
[15/Jun/2026 09:22:21] "GET /speaking/topics/16/ HTTP/1.1" 200 7003
[15/Jun/2026 09:22:21] "GET /speaking/topics/16/questions/create/ HTTP/1.1" 200 8343
[15/Jun/2026 09:22:29] "GET /speaking/topics/16/ HTTP/1.1" 200 7003
[15/Jun/2026 09:22:30] "GET /speaking/questions/84/ HTTP/1.1" 200 8189
[15/Jun/2026 09:22:49] "POST /speaking/questions/84/answers/create/ HTTP/1.1" 302 0
[15/Jun/2026 09:22:49] "GET /speaking/questions/84/ HTTP/1.1" 200 10127
[15/Jun/2026 09:22:52] "GET /speaking/topics/16/ HTTP/1.1" 200 7006
[15/Jun/2026 09:22:53] "GET /speaking/topics/ HTTP/1.1" 200 12353
[15/Jun/2026 09:22:54] "GET /speaking/topics/create/ HTTP/1.1" 200 8111
[15/Jun/2026 09:23:02] "POST /speaking/topics/create/ HTTP/1.1" 302 0
[15/Jun/2026 09:23:02] "GET /speaking/topics/17/ HTTP/1.1" 200 6667
[15/Jun/2026 09:23:04] "GET /speaking/topics/17/questions/create/ HTTP/1.1" 200 8351
[15/Jun/2026 09:23:21] "POST /speaking/topics/17/questions/create/ HTTP/1.1" 302 0
[15/Jun/2026 09:23:21] "GET /speaking/topics/17/ HTTP/1.1" 200 7026
[15/Jun/2026 09:23:22] "GET /speaking/questions/85/ HTTP/1.1" 200 8088
[15/Jun/2026 09:23:54] "POST /speaking/questions/85/answers/create/ HTTP/1.1" 302 0
[15/Jun/2026 09:23:55] "GET /speaking/questions/85/ HTTP/1.1" 200 9483
[15/Jun/2026 09:49:09] "GET / HTTP/1.1" 200 10566
Not Found: /favicon.ico
[15/Jun/2026 09:49:09] "GET /favicon.ico HTTP/1.1" 404 3847
Not Found: /apple-touch-icon-precomposed.png
[15/Jun/2026 09:49:09] "GET /apple-touch-icon-precomposed.png HTTP/1.1" 404 3910
Not Found: /favicon.ico
[15/Jun/2026 09:49:10] "GET /favicon.ico HTTP/1.1" 404 3847
Not Found: /apple-touch-icon.png
[15/Jun/2026 09:49:10] "GET /apple-touch-icon.png HTTP/1.1" 404 3874
[15/Jun/2026 09:49:16] "GET /speaking/topics/ HTTP/1.1" 200 12714
Not Found: /apple-touch-icon-precomposed.png
[15/Jun/2026 09:49:17] "GET /apple-touch-icon-precomposed.png HTTP/1.1" 404 3910
Not Found: /favicon.ico
[15/Jun/2026 09:49:17] "GET /favicon.ico HTTP/1.1" 404 3847
Not Found: /apple-touch-icon.png
[15/Jun/2026 09:49:17] "GET /apple-touch-icon.png HTTP/1.1" 404 3874
[15/Jun/2026 09:49:22] "GET /speaking/topics/15/ HTTP/1.1" 200 6996
[15/Jun/2026 09:49:23] "GET /speaking/questions/83/ HTTP/1.1" 200 9192
[15/Jun/2026 10:13:41] "GET /speaking/topics/15/ HTTP/1.1" 200 6996
[15/Jun/2026 10:13:45] "GET /speaking/topics/ HTTP/1.1" 200 12714
[15/Jun/2026 10:15:14] "GET /speaking/topics/16/ HTTP/1.1" 200 7006
[15/Jun/2026 10:15:17] "GET /speaking/questions/84/ HTTP/1.1" 200 10127
[15/Jun/2026 13:11:24] "GET / HTTP/1.1" 302 0
[15/Jun/2026 13:11:24] "GET /admin/login/?next=/ HTTP/1.1" 200 4068
[15/Jun/2026 13:11:24] "GET /static/admin/css/base.css HTTP/1.1" 200 23100
[15/Jun/2026 13:11:25] "GET /static/admin/css/dark_mode.css HTTP/1.1" 200 3538
[15/Jun/2026 13:11:25] "GET /static/admin/css/login.css HTTP/1.1" 200 951
[15/Jun/2026 13:11:25] "GET /static/admin/css/nav_sidebar.css HTTP/1.1" 200 2810
[15/Jun/2026 13:11:25] "GET /static/admin/js/nav_sidebar.js HTTP/1.1" 200 3063
[15/Jun/2026 13:11:25] "GET /static/admin/js/theme.js HTTP/1.1" 200 1653
[15/Jun/2026 13:11:25] "GET /static/admin/css/responsive.css HTTP/1.1" 200 16273
Not Found: /favicon.ico
[15/Jun/2026 13:11:25] "GET /favicon.ico HTTP/1.1" 404 3847
[15/Jun/2026 13:11:30] "POST /admin/login/?next=/ HTTP/1.1" 302 0
[15/Jun/2026 13:11:31] "GET / HTTP/1.1" 200 10566
[15/Jun/2026 13:11:33] "GET /speaking/topics/ HTTP/1.1" 200 12714
[15/Jun/2026 13:11:43] "GET /speaking/topics/15/ HTTP/1.1" 200 6996
[15/Jun/2026 13:11:45] "GET /speaking/questions/83/ HTTP/1.1" 200 9192
[15/Jun/2026 13:23:51] "GET /speaking/topics/15/ HTTP/1.1" 200 6996
[15/Jun/2026 13:23:53] "GET /speaking/questions/83/ HTTP/1.1" 200 9192
[15/Jun/2026 13:24:01] "GET /speaking/topics/4/ HTTP/1.1" 200 9289
[15/Jun/2026 13:24:49] "GET /speaking/questions/23/ HTTP/1.1" 200 9720
[15/Jun/2026 16:35:28] code 400, message Bad request version ('\xc0#\xc0\xac\xc0\xae\xc0+\xc0')
[15/Jun/2026 16:35:28] You're accessing the development server over HTTPS, but it only supports HTTP.
[15/Jun/2026 16:35:31] "GET / HTTP/1.1" 302 0
Not Found: /favicon.ico
[15/Jun/2026 16:37:21] "GET /favicon.ico HTTP/1.1" 404 3847
[15/Jun/2026 19:34:14] code 400, message Bad request version ('Survey')
[15/Jun/2026 19:34:14] "SSH-2.0-ZGrab ZGrab SSH Survey" 400 -
[16/Jun/2026 06:31:59] "GET / HTTP/1.1" 200 10566
[16/Jun/2026 06:32:00] "GET / HTTP/1.1" 200 10566
[16/Jun/2026 06:32:02] "GET /speaking/topics/ HTTP/1.1" 200 12714
[16/Jun/2026 06:32:03] "GET /speaking/topics/create/ HTTP/1.1" 200 8111
[16/Jun/2026 06:33:08] "POST /speaking/topics/create/ HTTP/1.1" 302 0
[16/Jun/2026 06:33:08] "GET /speaking/topics/18/ HTTP/1.1" 200 6659
[16/Jun/2026 06:33:10] "GET /speaking/topics/18/questions/create/ HTTP/1.1" 200 8343
[16/Jun/2026 06:33:39] "POST /speaking/topics/18/questions/create/ HTTP/1.1" 302 0
[16/Jun/2026 06:33:39] "GET /speaking/topics/18/ HTTP/1.1" 200 7014
[16/Jun/2026 06:33:40] "GET /speaking/questions/86/ HTTP/1.1" 200 8232
[16/Jun/2026 06:33:54] "POST /speaking/questions/86/answers/create/ HTTP/1.1" 302 0
[16/Jun/2026 06:33:54] "GET /speaking/questions/86/ HTTP/1.1" 200 11316
[16/Jun/2026 06:34:01] "GET /speaking/topics/18/ HTTP/1.1" 200 7017
[16/Jun/2026 06:34:02] "GET /speaking/topics/ HTTP/1.1" 200 13071
[16/Jun/2026 07:02:54] "GET /speaking/topics/create/ HTTP/1.1" 200 8111
[16/Jun/2026 07:02:59] "POST /speaking/topics/create/ HTTP/1.1" 302 0
[16/Jun/2026 07:03:00] "GET /speaking/topics/19/ HTTP/1.1" 200 6657
[16/Jun/2026 07:03:01] "GET /speaking/topics/19/questions/create/ HTTP/1.1" 200 8341
[16/Jun/2026 07:03:19] "POST /speaking/topics/19/questions/create/ HTTP/1.1" 302 0
[16/Jun/2026 07:03:19] "GET /speaking/topics/19/ HTTP/1.1" 200 7016
[16/Jun/2026 07:03:20] "GET /speaking/questions/87/ HTTP/1.1" 200 8033
[16/Jun/2026 07:03:28] "POST /speaking/questions/87/answers/create/ HTTP/1.1" 302 0
[16/Jun/2026 07:03:28] "GET /speaking/questions/87/ HTTP/1.1" 200 9618
[16/Jun/2026 07:15:42] "GET /speaking/questions/84/ HTTP/1.1" 200 10127
[16/Jun/2026 07:28:18] "GET /speaking/topics/16/ HTTP/1.1" 200 7006
[16/Jun/2026 07:28:23] "GET /speaking/topics/ HTTP/1.1" 200 13427
Not Found: /apple-touch-icon-precomposed.png
[16/Jun/2026 07:28:24] "GET /apple-touch-icon-precomposed.png HTTP/1.1" 404 3910
Not Found: /apple-touch-icon.png
[16/Jun/2026 07:28:25] "GET /apple-touch-icon.png HTTP/1.1" 404 3874
Not Found: /favicon.ico
[16/Jun/2026 07:28:25] "GET /favicon.ico HTTP/1.1" 404 3847
[16/Jun/2026 07:28:33] "GET /speaking/topics/17/ HTTP/1.1" 200 7029
[16/Jun/2026 07:28:36] "GET /speaking/questions/85/ HTTP/1.1" 200 9483
[16/Jun/2026 13:25:19] "GET /speaking/topics/4/ HTTP/1.1" 200 9289
[16/Jun/2026 13:25:22] "GET /speaking/topics/4/ HTTP/1.1" 200 9289
[16/Jun/2026 13:25:24] "GET /speaking/topics/ HTTP/1.1" 200 13427
[16/Jun/2026 13:25:29] "GET /speaking/topics/16/ HTTP/1.1" 200 7006
[16/Jun/2026 13:25:31] "GET /speaking/questions/84/ HTTP/1.1" 200 10127
[16/Jun/2026 17:36:09] code 400, message Bad request version ('Survey')
[16/Jun/2026 17:36:09] "SSH-2.0-ZGrab ZGrab SSH Survey" 400 -
[17/Jun/2026 01:41:36] "GET /speaking/topics/ HTTP/1.1" 200 13427
[17/Jun/2026 07:20:59] "GET / HTTP/1.1" 200 10566
[17/Jun/2026 07:48:35] "GET /speaking/topics/ HTTP/1.1" 200 13427
Not Found: /apple-touch-icon-precomposed.png
[17/Jun/2026 07:48:36] "GET /apple-touch-icon-precomposed.png HTTP/1.1" 404 3910
Not Found: /apple-touch-icon.png
Not Found: /favicon.ico
[17/Jun/2026 07:48:36] "GET /favicon.ico HTTP/1.1" 404 3847
[17/Jun/2026 07:48:36] "GET /apple-touch-icon.png HTTP/1.1" 404 3874
[17/Jun/2026 07:48:41] "GET /speaking/topics/17/ HTTP/1.1" 200 7029
[17/Jun/2026 07:48:45] "GET /speaking/topics/18/ HTTP/1.1" 200 7017
[17/Jun/2026 07:48:49] "GET /speaking/questions/86/ HTTP/1.1" 200 11316
[17/Jun/2026 09:48:59] "GET / HTTP/1.1" 302 0
[17/Jun/2026 09:48:59] "GET /admin/login/?next=/ HTTP/1.1" 200 4068
[17/Jun/2026 10:13:20] "GET / HTTP/1.1" 302 0
[17/Jun/2026 10:13:21] "GET /admin/login/?next=/ HTTP/1.1" 200 4068
[17/Jun/2026 10:13:21] "GET /static/admin/css/base.css HTTP/1.1" 200 23100
[17/Jun/2026 10:13:21] "GET /static/admin/css/dark_mode.css HTTP/1.1" 200 3538
[17/Jun/2026 10:13:21] "GET /static/admin/css/nav_sidebar.css HTTP/1.1" 200 2810
[17/Jun/2026 10:13:21] "GET /static/admin/js/theme.js HTTP/1.1" 200 1653
[17/Jun/2026 10:13:21] "GET /static/admin/js/nav_sidebar.js HTTP/1.1" 200 3063
[17/Jun/2026 10:13:21] "GET /static/admin/css/login.css HTTP/1.1" 200 951
[17/Jun/2026 10:13:22] "GET /static/admin/css/responsive.css HTTP/1.1" 200 16273
Not Found: /apple-touch-icon-precomposed.png
[17/Jun/2026 10:13:22] "GET /apple-touch-icon-precomposed.png HTTP/1.1" 404 3910
Not Found: /apple-touch-icon.png
[17/Jun/2026 10:13:22] "GET /apple-touch-icon.png HTTP/1.1" 404 3874
Not Found: /favicon.ico
[17/Jun/2026 10:13:23] "GET /favicon.ico HTTP/1.1" 404 3847
[17/Jun/2026 10:13:38] "GET / HTTP/1.1" 302 0
[17/Jun/2026 10:13:38] "GET /admin/login/?next=/ HTTP/1.1" 200 4068
[17/Jun/2026 10:13:55] "GET /jianpu HTTP/1.1" 301 0
[17/Jun/2026 10:13:55] "GET /jianpu/ HTTP/1.1" 200 5954
[17/Jun/2026 10:14:09] "GET /jianpu/5/ HTTP/1.1" 200 37298
[17/Jun/2026 10:14:39] "GET /jianpu/5/print/ HTTP/1.1" 200 18501
[19/Jun/2026 11:59:47] "GET /speaking/questions/84/ HTTP/1.1" 200 10127
[20/Jun/2026 05:32:14] "GET /speaking/topics/18/ HTTP/1.1" 200 7017
[20/Jun/2026 05:32:16] "GET /speaking/topics/ HTTP/1.1" 200 13427
Not Found: /apple-touch-icon-precomposed.png
[20/Jun/2026 05:32:17] "GET /apple-touch-icon-precomposed.png HTTP/1.1" 404 3910
Not Found: /apple-touch-icon.png
Not Found: /favicon.ico
[20/Jun/2026 05:32:17] "GET /favicon.ico HTTP/1.1" 404 3847
[20/Jun/2026 05:32:17] "GET /apple-touch-icon.png HTTP/1.1" 404 3874
[20/Jun/2026 05:32:21] "GET /speaking/topics/15/ HTTP/1.1" 200 6996
[20/Jun/2026 05:32:24] "GET /speaking/questions/83/ HTTP/1.1" 200 9192
[20/Jun/2026 05:48:23] "GET /speaking/topics/16/ HTTP/1.1" 200 7006
[20/Jun/2026 05:48:24] "GET /speaking/questions/84/ HTTP/1.1" 200 10127
[20/Jun/2026 06:10:34] "GET /speaking/topics/17/ HTTP/1.1" 200 7029
[20/Jun/2026 06:10:35] "GET /speaking/questions/85/ HTTP/1.1" 200 9483
[20/Jun/2026 17:47:37] "GET / HTTP/1.1" 302 0
[20/Jun/2026 17:47:37] "GET /admin/login/?next=/ HTTP/1.1" 200 4068
[22/Jun/2026 06:50:20] "GET /speaking/topics/17/ HTTP/1.1" 200 7029
[22/Jun/2026 06:50:22] "GET /speaking/topics/ HTTP/1.1" 200 13427
Not Found: /apple-touch-icon-precomposed.png
[22/Jun/2026 06:50:22] "GET /apple-touch-icon-precomposed.png HTTP/1.1" 404 3910
Not Found: /favicon.ico
[22/Jun/2026 06:50:23] "GET /favicon.ico HTTP/1.1" 404 3847
Not Found: /apple-touch-icon.png
[22/Jun/2026 06:50:23] "GET /apple-touch-icon.png HTTP/1.1" 404 3874
[22/Jun/2026 06:52:36] "GET / HTTP/1.1" 302 0
[22/Jun/2026 06:52:37] "GET /admin/login/?next=/ HTTP/1.1" 200 4068
[22/Jun/2026 06:52:37] "GET / HTTP/1.1" 302 0
[22/Jun/2026 06:52:37] "GET /admin/login/?next=/ HTTP/1.1" 200 4068
[22/Jun/2026 06:53:55] "POST /admin/login/?next=/ HTTP/1.1" 302 0
[22/Jun/2026 06:53:55] "GET / HTTP/1.1" 200 10566
[22/Jun/2026 06:56:30] "GET /speaking/topics/ HTTP/1.1" 200 13427
[22/Jun/2026 06:56:35] "GET /speaking/topics/create/ HTTP/1.1" 200 8111
[22/Jun/2026 06:56:51] "POST /speaking/topics/create/ HTTP/1.1" 302 0
[22/Jun/2026 06:56:51] "GET /speaking/topics/20/ HTTP/1.1" 200 6653
[22/Jun/2026 06:56:53] "GET /speaking/topics/20/questions/create/ HTTP/1.1" 200 8337
[22/Jun/2026 06:57:24] "POST /speaking/topics/20/questions/create/ HTTP/1.1" 302 0
[22/Jun/2026 06:57:24] "GET /speaking/topics/20/ HTTP/1.1" 200 7000
[22/Jun/2026 06:57:32] "GET /speaking/questions/88/ HTTP/1.1" 200 8058
[22/Jun/2026 06:58:44] "POST /speaking/questions/88/answers/create/ HTTP/1.1" 302 0
[22/Jun/2026 06:58:45] "GET /speaking/questions/88/ HTTP/1.1" 200 9960
[22/Jun/2026 06:58:47] "GET /speaking/topics/20/ HTTP/1.1" 200 7003
[22/Jun/2026 07:00:39] "GET /speaking/topics/ HTTP/1.1" 200 13781
[22/Jun/2026 07:00:48] "GET /speaking/topics/create/ HTTP/1.1" 200 8111
[22/Jun/2026 07:00:54] "POST /speaking/topics/create/ HTTP/1.1" 302 0
[22/Jun/2026 07:00:54] "GET /speaking/topics/21/ HTTP/1.1" 200 6653
[22/Jun/2026 07:00:56] "GET /speaking/topics/21/questions/create/ HTTP/1.1" 200 8337
[22/Jun/2026 07:01:23] "POST /speaking/topics/21/questions/create/ HTTP/1.1" 302 0
[22/Jun/2026 07:01:23] "GET /speaking/topics/21/ HTTP/1.1" 200 6986
[22/Jun/2026 07:01:33] "GET /speaking/questions/89/ HTTP/1.1" 200 8035
[22/Jun/2026 07:03:09] "POST /speaking/questions/89/answers/create/ HTTP/1.1" 302 0
[22/Jun/2026 07:03:09] "GET /speaking/questions/89/ HTTP/1.1" 200 9950
[22/Jun/2026 07:03:32] "GET /speaking/topics/21/ HTTP/1.1" 200 6989
[22/Jun/2026 07:03:34] "GET /speaking/topics/ HTTP/1.1" 200 14135
[22/Jun/2026 07:03:44] "GET /speaking/topics/create/ HTTP/1.1" 200 8111
[22/Jun/2026 07:04:29] "POST /speaking/topics/create/ HTTP/1.1" 302 0
[22/Jun/2026 07:04:30] "GET /speaking/topics/22/ HTTP/1.1" 200 6659
[22/Jun/2026 07:04:31] "GET /speaking/topics/22/questions/create/ HTTP/1.1" 200 8343
[22/Jun/2026 07:04:54] "POST /speaking/topics/22/questions/create/ HTTP/1.1" 302 0
[22/Jun/2026 07:04:55] "GET /speaking/topics/22/ HTTP/1.1" 200 6993
[22/Jun/2026 07:05:03] "GET /speaking/questions/90/ HTTP/1.1" 200 8046
[22/Jun/2026 07:05:38] "POST /speaking/questions/90/answers/create/ HTTP/1.1" 302 0
[22/Jun/2026 07:05:38] "GET /speaking/questions/90/ HTTP/1.1" 200 10109
[22/Jun/2026 07:06:26] "GET /speaking/topics/22/ HTTP/1.1" 200 6996
[22/Jun/2026 07:06:28] "GET /speaking/topics/ HTTP/1.1" 200 14492
[22/Jun/2026 07:06:29] "GET /speaking/topics/create/ HTTP/1.1" 200 8111
[22/Jun/2026 07:06:33] "POST /speaking/topics/create/ HTTP/1.1" 302 0
[22/Jun/2026 07:06:33] "GET /speaking/topics/23/ HTTP/1.1" 200 6651
[22/Jun/2026 07:06:34] "GET /speaking/topics/23/questions/create/ HTTP/1.1" 200 8335
[22/Jun/2026 07:06:52] "POST /speaking/topics/23/questions/create/ HTTP/1.1" 302 0
[22/Jun/2026 07:06:52] "GET /speaking/topics/23/ HTTP/1.1" 200 7015
[22/Jun/2026 07:06:54] "GET /speaking/questions/91/ HTTP/1.1" 200 8180
[22/Jun/2026 07:07:47] "POST /speaking/questions/91/answers/create/ HTTP/1.1" 302 0
[22/Jun/2026 07:07:47] "GET /speaking/questions/91/ HTTP/1.1" 200 10909
[22/Jun/2026 07:07:51] "GET /speaking/topics/23/ HTTP/1.1" 200 7018
[22/Jun/2026 07:27:06] "GET /speaking/topics/19/ HTTP/1.1" 200 7019
[22/Jun/2026 07:27:08] "GET /speaking/questions/87/ HTTP/1.1" 200 9618
Not Found: /favicon.ico
[22/Jun/2026 10:16:04] "GET /favicon.ico HTTP/1.1" 404 3847
Not Found: /apple-touch-icon-precomposed.png
[22/Jun/2026 10:16:07] "GET /apple-touch-icon-precomposed.png HTTP/1.1" 404 3910
Not Found: /apple-touch-icon.png
Not Found: /favicon.ico
[22/Jun/2026 10:16:07] "GET /apple-touch-icon.png HTTP/1.1" 404 3874
[22/Jun/2026 10:16:07] "GET /favicon.ico HTTP/1.1" 404 3847
[22/Jun/2026 10:16:09] "GET /speaking/topics/ HTTP/1.1" 200 14845
[22/Jun/2026 10:16:14] "GET /speaking/topics/20/ HTTP/1.1" 200 7003
[22/Jun/2026 10:16:15] "GET /speaking/questions/88/ HTTP/1.1" 200 9960
[22/Jun/2026 13:12:27] "GET /speaking/questions/84/ HTTP/1.1" 200 10127
Not Found: /favicon.ico
[22/Jun/2026 13:12:27] "GET /favicon.ico HTTP/1.1" 404 3847
[22/Jun/2026 13:12:31] "GET /speaking/topics/16/ HTTP/1.1" 200 7006
[22/Jun/2026 13:12:33] "GET /speaking/topics/ HTTP/1.1" 200 14845
[22/Jun/2026 13:12:41] "GET /speaking/topics/20/ HTTP/1.1" 200 7003
[22/Jun/2026 13:12:43] "GET /speaking/questions/88/ HTTP/1.1" 200 9960
[22/Jun/2026 13:24:22] "GET /speaking/topics/20/ HTTP/1.1" 200 7003
[22/Jun/2026 13:24:24] "GET /speaking/topics/ HTTP/1.1" 200 14845
[22/Jun/2026 13:24:43] "GET /speaking/topics/11/ HTTP/1.1" 200 8710
[22/Jun/2026 13:24:44] "GET /speaking/questions/65/ HTTP/1.1" 200 8249
[22/Jun/2026 13:24:51] "GET /speaking/topics/ HTTP/1.1" 200 14845
[22/Jun/2026 13:24:53] "GET /speaking/topics/15/ HTTP/1.1" 200 6996
[22/Jun/2026 16:35:45] code 400, message Bad request version ('\xc0#\xc0\xac\xc0\xae\xc0+\xc0')
[22/Jun/2026 16:35:45] You're accessing the development server over HTTPS, but it only supports HTTP.
[22/Jun/2026 16:35:48] "GET / HTTP/1.1" 302 0
[22/Jun/2026 16:38:14] "GET /admin/login/?next=/ HTTP/1.1" 200 4068
Not Found: /favicon.ico
[22/Jun/2026 16:40:17] "GET /favicon.ico HTTP/1.1" 404 3847
[23/Jun/2026 01:00:25] "GET /speaking/topics/20/ HTTP/1.1" 200 7003
[23/Jun/2026 01:25:06] "GET / HTTP/1.1" 200 10566
[23/Jun/2026 01:25:10] "GET /speaking/topics/ HTTP/1.1" 200 14845
[23/Jun/2026 01:25:19] "GET / HTTP/1.1" 200 10566
[23/Jun/2026 01:25:23] "GET /writing/ HTTP/1.1" 200 25634
[23/Jun/2026 01:25:26] "GET /writing/add/ HTTP/1.1" 200 10903
[23/Jun/2026 01:45:55] "POST /writing/add/ HTTP/1.1" 302 0
[23/Jun/2026 01:45:55] "GET /writing/16/ HTTP/1.1" 200 14074
[23/Jun/2026 08:11:05] "GET /speaking/topics/ HTTP/1.1" 200 14845
[23/Jun/2026 08:11:05] "GET /speaking/topics/ HTTP/1.1" 200 14845
Not Found: /apple-touch-icon-precomposed.png
[23/Jun/2026 08:11:06] "GET /apple-touch-icon-precomposed.png HTTP/1.1" 404 3910
Not Found: /apple-touch-icon.png
[23/Jun/2026 08:11:07] "GET /apple-touch-icon.png HTTP/1.1" 404 3874
Not Found: /favicon.ico
[23/Jun/2026 08:11:07] "GET /favicon.ico HTTP/1.1" 404 3847
[23/Jun/2026 08:11:15] "GET /speaking/topics/22/ HTTP/1.1" 200 6996
[23/Jun/2026 08:11:17] "GET /speaking/questions/90/ HTTP/1.1" 200 10109
Not Found: /apple-touch-icon-precomposed.png
[23/Jun/2026 09:51:28] "GET /apple-touch-icon-precomposed.png HTTP/1.1" 404 3910
Not Found: /apple-touch-icon.png
[23/Jun/2026 09:51:28] "GET /apple-touch-icon.png HTTP/1.1" 404 3874
Not Found: /favicon.ico
[23/Jun/2026 09:51:28] "GET /favicon.ico HTTP/1.1" 404 3847
[23/Jun/2026 09:51:31] "GET /speaking/topics/23/ HTTP/1.1" 200 7018
[23/Jun/2026 09:51:35] "GET /speaking/questions/91/ HTTP/1.1" 200 10909
[23/Jun/2026 12:06:42] "GET / HTTP/1.1" 200 10566
[23/Jun/2026 13:04:19] "GET /speaking/topics/15/ HTTP/1.1" 200 6996
[23/Jun/2026 13:04:34] "GET /speaking/topics/ HTTP/1.1" 200 14845
[23/Jun/2026 13:04:58] "GET /speaking/topics/21/ HTTP/1.1" 200 6989
[23/Jun/2026 13:04:59] "GET /speaking/questions/89/ HTTP/1.1" 200 9950
[23/Jun/2026 13:05:05] "GET /speaking/topics/21/ HTTP/1.1" 200 6989
[23/Jun/2026 13:05:07] "GET /speaking/topics/ HTTP/1.1" 200 14845
[23/Jun/2026 13:05:58] "GET /speaking/topics/21/ HTTP/1.1" 200 6989
[23/Jun/2026 13:06:03] "GET /speaking/topics/ HTTP/1.1" 200 14845
[23/Jun/2026 13:06:36] "GET /speaking/topics/23/ HTTP/1.1" 200 7018
[23/Jun/2026 13:06:38] "GET /speaking/topics/ HTTP/1.1" 200 14845
[23/Jun/2026 13:06:42] "GET /speaking/topics/22/ HTTP/1.1" 200 6996
[23/Jun/2026 13:06:43] "GET /speaking/questions/90/ HTTP/1.1" 200 10109
[23/Jun/2026 17:17:26] code 400, message Bad request version ('Survey')
[23/Jun/2026 17:17:26] "SSH-2.0-ZGrab ZGrab SSH Survey" 400 -
[24/Jun/2026 02:22:30] "GET /writing/ HTTP/1.1" 302 0
[24/Jun/2026 02:22:30] "GET /admin/login/?next=/writing/ HTTP/1.1" 200 4084
[24/Jun/2026 02:22:36] "POST /admin/login/?next=/writing/ HTTP/1.1" 302 0
[24/Jun/2026 02:22:36] "GET /writing/ HTTP/1.1" 200 26544
[24/Jun/2026 02:22:39] "GET / HTTP/1.1" 200 10566
[24/Jun/2026 02:22:43] "GET /speaking/topics/ HTTP/1.1" 200 14845
[24/Jun/2026 02:22:45] "GET /speaking/topics/create/ HTTP/1.1" 200 8111
[24/Jun/2026 02:22:59] "POST /speaking/topics/create/ HTTP/1.1" 302 0
[24/Jun/2026 02:23:00] "GET /speaking/topics/24/ HTTP/1.1" 200 6691
[24/Jun/2026 02:23:01] "GET /speaking/topics/24/questions/create/ HTTP/1.1" 200 8375
[24/Jun/2026 02:23:30] "POST /speaking/topics/24/questions/create/ HTTP/1.1" 302 0
[24/Jun/2026 02:23:31] "GET /speaking/topics/24/ HTTP/1.1" 200 7043
[24/Jun/2026 02:23:32] "GET /speaking/questions/92/ HTTP/1.1" 200 8360
[24/Jun/2026 02:24:45] "POST /speaking/questions/92/answers/create/ HTTP/1.1" 302 0
[24/Jun/2026 02:24:45] "GET /speaking/questions/92/ HTTP/1.1" 200 11038
[24/Jun/2026 02:25:38] "GET /speaking/topics/24/ HTTP/1.1" 200 7046
[24/Jun/2026 02:25:39] "GET /speaking/topics/ HTTP/1.1" 200 15218
[24/Jun/2026 02:25:47] "GET /speaking/topics/create/ HTTP/1.1" 200 8111
[24/Jun/2026 02:25:49] "POST /speaking/topics/create/ HTTP/1.1" 302 0
[24/Jun/2026 02:25:49] "GET /speaking/topics/25/ HTTP/1.1" 200 6657
[24/Jun/2026 02:25:51] "GET /speaking/topics/25/questions/create/ HTTP/1.1" 200 8341
[24/Jun/2026 02:26:12] "POST /speaking/topics/25/questions/create/ HTTP/1.1" 302 0
[24/Jun/2026 02:26:13] "GET /speaking/topics/25/ HTTP/1.1" 200 6990
[24/Jun/2026 02:26:22] "GET /speaking/questions/93/ HTTP/1.1" 200 8154
[24/Jun/2026 02:26:25] "POST /speaking/questions/93/answers/create/ HTTP/1.1" 302 0
[24/Jun/2026 02:26:25] "GET /speaking/questions/93/ HTTP/1.1" 200 10152
[24/Jun/2026 02:27:10] "GET /speaking/topics/25/ HTTP/1.1" 200 6993
[24/Jun/2026 02:27:11] "GET /speaking/topics/ HTTP/1.1" 200 15574
[24/Jun/2026 02:27:12] "GET /speaking/topics/create/ HTTP/1.1" 200 8111
[24/Jun/2026 02:27:14] "POST /speaking/topics/create/ HTTP/1.1" 302 0
[24/Jun/2026 02:27:15] "GET /speaking/topics/26/ HTTP/1.1" 200 6685
[24/Jun/2026 02:27:26] "GET /speaking/topics/26/questions/create/ HTTP/1.1" 200 8369
[24/Jun/2026 02:27:37] "POST /speaking/topics/26/questions/create/ HTTP/1.1" 302 0
[24/Jun/2026 02:27:38] "GET /speaking/topics/26/ HTTP/1.1" 200 7047
[24/Jun/2026 02:27:43] "GET /speaking/questions/94/ HTTP/1.1" 200 8126
[24/Jun/2026 02:28:00] "POST /speaking/questions/94/answers/create/ HTTP/1.1" 302 0
[24/Jun/2026 02:28:00] "GET /speaking/questions/94/ HTTP/1.1" 200 9564
[24/Jun/2026 02:28:56] "GET /speaking/topics/26/ HTTP/1.1" 200 7050
[24/Jun/2026 02:28:58] "GET /speaking/topics/ HTTP/1.1" 200 15944
[24/Jun/2026 02:28:59] "GET /speaking/topics/create/ HTTP/1.1" 200 8111
[24/Jun/2026 02:29:04] "POST /speaking/topics/create/ HTTP/1.1" 302 0
[24/Jun/2026 02:29:04] "GET /speaking/topics/27/ HTTP/1.1" 200 6657
[24/Jun/2026 02:29:05] "GET /speaking/topics/27/questions/create/ HTTP/1.1" 200 8341
[24/Jun/2026 02:29:26] "POST /speaking/topics/27/questions/create/ HTTP/1.1" 302 0
[24/Jun/2026 02:29:26] "GET /speaking/topics/27/ HTTP/1.1" 200 6995
[24/Jun/2026 02:29:33] "GET /speaking/questions/95/ HTTP/1.1" 200 8119
[24/Jun/2026 02:29:35] "POST /speaking/questions/95/answers/create/ HTTP/1.1" 302 0
[24/Jun/2026 02:29:36] "GET /speaking/questions/95/ HTTP/1.1" 200 9854
[24/Jun/2026 02:30:19] "GET /speaking/topics/27/ HTTP/1.1" 200 6998
[24/Jun/2026 02:30:20] "GET /speaking/topics/ HTTP/1.1" 200 16300
[24/Jun/2026 02:30:21] "GET /speaking/topics/create/ HTTP/1.1" 200 8111
[24/Jun/2026 02:31:00] "POST /speaking/topics/create/ HTTP/1.1" 302 0
[24/Jun/2026 02:31:00] "GET /speaking/topics/28/ HTTP/1.1" 200 6661
[24/Jun/2026 02:31:02] "GET /speaking/topics/28/questions/create/ HTTP/1.1" 200 8345
[24/Jun/2026 02:31:22] "POST /speaking/topics/28/questions/create/ HTTP/1.1" 302 0
[24/Jun/2026 02:31:22] "GET /speaking/topics/28/ HTTP/1.1" 200 6996
[24/Jun/2026 02:31:23] "GET /speaking/questions/96/ HTTP/1.1" 200 8072
[24/Jun/2026 02:31:33] "POST /speaking/questions/96/answers/create/ HTTP/1.1" 302 0
[24/Jun/2026 02:31:33] "GET /speaking/questions/96/ HTTP/1.1" 200 9627
[24/Jun/2026 02:31:35] "GET /speaking/topics/28/ HTTP/1.1" 200 6999
[24/Jun/2026 02:53:50] "GET / HTTP/1.1" 200 10566
[24/Jun/2026 05:14:25] "GET / HTTP/1.1" 302 0
[24/Jun/2026 05:14:25] "GET /admin/login/?next=/ HTTP/1.1" 200 4068
[24/Jun/2026 08:21:58] "GET /speaking/topics/23/ HTTP/1.1" 200 7018
[24/Jun/2026 08:21:58] "GET /speaking/topics/ HTTP/1.1" 200 16658
Not Found: /apple-touch-icon-precomposed.png
[24/Jun/2026 08:21:59] "GET /apple-touch-icon-precomposed.png HTTP/1.1" 404 3910
Not Found: /apple-touch-icon.png
[24/Jun/2026 08:21:59] "GET /apple-touch-icon.png HTTP/1.1" 404 3874
Not Found: /favicon.ico
[24/Jun/2026 08:21:59] "GET /favicon.ico HTTP/1.1" 404 3847
[24/Jun/2026 08:22:07] "GET /speaking/topics/24/ HTTP/1.1" 200 7046
[24/Jun/2026 08:22:08] "GET /speaking/questions/92/ HTTP/1.1" 200 11038
[24/Jun/2026 09:54:07] "GET /speaking/questions/92/ HTTP/1.1" 200 11038
[24/Jun/2026 10:12:15] "GET /speaking/topics/24/ HTTP/1.1" 200 7046
[24/Jun/2026 13:06:37] "GET /speaking/questions/90/ HTTP/1.1" 200 10109
[24/Jun/2026 13:06:41] "GET /speaking/topics/22/ HTTP/1.1" 200 6996
[24/Jun/2026 13:06:58] "GET /speaking/topics/ HTTP/1.1" 200 16658
[24/Jun/2026 13:08:05] "GET /speaking/topics/24/ HTTP/1.1" 200 7046
[24/Jun/2026 13:08:07] "GET /speaking/questions/92/ HTTP/1.1" 200 11038
[24/Jun/2026 13:24:07] "GET /speaking/questions/92/ HTTP/1.1" 200 11038
[24/Jun/2026 14:10:18] "GET /practice/run/?type=random&limit=10 HTTP/1.1" 302 0
[24/Jun/2026 14:10:19] "GET /admin/login/?next=/practice/run/%3Ftype%3Drandom%26limit%3D10 HTTP/1.1" 200 4148
Not Found: /favicon.ico
[24/Jun/2026 14:10:19] "GET /favicon.ico HTTP/1.1" 404 3847
Not Found: /apple-touch-icon-precomposed.png
[24/Jun/2026 14:10:20] "GET /apple-touch-icon-precomposed.png HTTP/1.1" 404 3910
Not Found: /apple-touch-icon.png
[24/Jun/2026 14:10:20] "GET /apple-touch-icon.png HTTP/1.1" 404 3874
[25/Jun/2026 08:23:42] "GET /speaking/topics/24/ HTTP/1.1" 200 7046
Not Found: /apple-touch-icon-precomposed.png
[25/Jun/2026 08:23:49] "GET /apple-touch-icon-precomposed.png HTTP/1.1" 404 3910
Not Found: /apple-touch-icon.png
Not Found: /favicon.ico
[25/Jun/2026 08:23:50] "GET /apple-touch-icon.png HTTP/1.1" 404 3874
[25/Jun/2026 08:23:50] "GET /favicon.ico HTTP/1.1" 404 3847
[25/Jun/2026 08:23:58] "GET /speaking/topics/25/ HTTP/1.1" 200 6993
[25/Jun/2026 08:24:00] "GET /speaking/questions/93/ HTTP/1.1" 200 10152
[25/Jun/2026 08:24:08] "GET /speaking/questions/93/ HTTP/1.1" 200 10152
[26/Jun/2026 08:03:36] "GET /speaking/topics/25/ HTTP/1.1" 200 6993
[26/Jun/2026 20:11:34] "GET / HTTP/1.1" 302 0
[26/Jun/2026 20:11:35] "GET /admin/login/?next=/ HTTP/1.1" 200 4068
Not Found: /.env
[27/Jun/2026 11:48:18] "GET /.env HTTP/1.1" 404 3826
[29/Jun/2026 12:42:49] "GET / HTTP/1.1" 302 0
[29/Jun/2026 12:42:49] "GET /admin/login/?next=/ HTTP/1.1" 200 4068
[29/Jun/2026 16:43:32] code 400, message Bad request version ('\xc0#\xc0\xac\xc0\xae\xc0+\xc0')
[29/Jun/2026 16:43:32] You're accessing the development server over HTTPS, but it only supports HTTP.
[29/Jun/2026 16:43:35] "GET / HTTP/1.1" 302 0
[29/Jun/2026 16:45:14] "GET /admin/login/?next=/ HTTP/1.1" 200 4068
Not Found: /favicon.ico
[29/Jun/2026 16:45:30] "GET /favicon.ico HTTP/1.1" 404 3847
Not Found: /favicon.ico
[29/Jun/2026 16:47:36] "GET /favicon.ico HTTP/1.1" 404 3847
[30/Jun/2026 14:45:01] "GET / HTTP/1.1" 200 10566
[02/Jul/2026 23:16:51] "GET / HTTP/1.1" 302 0
[02/Jul/2026 23:16:51] "GET /admin/login/?next=/ HTTP/1.1" 200 4068
[06/Jul/2026 03:34:54] "GET / HTTP/1.1" 302 0
[06/Jul/2026 03:34:54] "GET /admin/login/?next=/ HTTP/1.1" 200 4068
[06/Jul/2026 16:43:43] code 400, message Bad request version ('\\x8c')
[06/Jul/2026 16:43:43] You're accessing the development server over HTTPS, but it only supports HTTP.
[06/Jul/2026 16:43:46] "GET / HTTP/1.1" 302 0
[06/Jul/2026 16:46:15] "GET /admin/login/?next=/ HTTP/1.1" 200 4068
Not Found: /favicon.ico
[06/Jul/2026 16:48:39] "GET /favicon.ico HTTP/1.1" 404 3847
[06/Jul/2026 18:56:53] code 400, message Bad request version ('Survey')
[06/Jul/2026 18:56:53] "SSH-2.0-ZGrab ZGrab SSH Survey" 400 -
[09/Jul/2026 11:41:33] "GET / HTTP/1.1" 302 0
[09/Jul/2026 11:41:33] "GET /admin/login/?next=/ HTTP/1.1" 200 4068
[12/Jul/2026 00:41:31] "GET / HTTP/1.1" 302 0
[12/Jul/2026 00:41:32] "GET /admin/login/?next=/ HTTP/1.1" 200 4068
[14/Jul/2026 02:38:24] code 400, message Bad request version ('Survey')
[14/Jul/2026 02:38:24] "SSH-2.0-ZGrab ZGrab SSH Survey" 400 -
[14/Jul/2026 13:58:56] "GET / HTTP/1.1" 302 0
[14/Jul/2026 13:58:57] "GET /admin/login/?next=/ HTTP/1.1" 200 4068
[14/Jul/2026 13:58:57] "GET /static/admin/js/theme.js HTTP/1.1" 200 1653
[14/Jul/2026 13:58:57] "GET /static/admin/css/base.css HTTP/1.1" 200 23100
[14/Jul/2026 13:58:57] "GET /static/admin/css/nav_sidebar.css HTTP/1.1" 200 2810
[14/Jul/2026 13:58:57] "GET /static/admin/js/nav_sidebar.js HTTP/1.1" 200 3063
[14/Jul/2026 13:58:57] "GET /static/admin/css/dark_mode.css HTTP/1.1" 200 3538
[14/Jul/2026 13:58:57] "GET /static/admin/css/login.css HTTP/1.1" 200 951
[14/Jul/2026 13:58:58] "GET /static/admin/css/responsive.css HTTP/1.1" 200 16273
Not Found: /apple-touch-icon-precomposed.png
[14/Jul/2026 13:58:59] "GET /apple-touch-icon-precomposed.png HTTP/1.1" 404 3910
Not Found: /apple-touch-icon.png
[14/Jul/2026 13:58:59] "GET /apple-touch-icon.png HTTP/1.1" 404 3874
Not Found: /favicon.ico
[14/Jul/2026 13:58:59] "GET /favicon.ico HTTP/1.1" 404 3847
Not Found: /favicon.ico
[14/Jul/2026 13:58:59] "GET /favicon.ico HTTP/1.1" 404 3847
[14/Jul/2026 13:59:04] "POST /admin/login/?next=/ HTTP/1.1" 302 0
[14/Jul/2026 13:59:06] "GET / HTTP/1.1" 200 10566
Not Found: /apple-touch-icon.png
[14/Jul/2026 13:59:08] "GET /apple-touch-icon.png HTTP/1.1" 404 3874
Not Found: /apple-touch-icon-precomposed.png
[14/Jul/2026 13:59:08] "GET /apple-touch-icon-precomposed.png HTTP/1.1" 404 3910
Not Found: /favicon.ico
[14/Jul/2026 13:59:08] "GET /favicon.ico HTTP/1.1" 404 3847
[14/Jul/2026 13:59:10] "GET /primary-dictation/sets/ HTTP/1.1" 200 9561
[14/Jul/2026 13:59:13] "GET /primary-dictation/sets/1/ HTTP/1.1" 200 25173
[14/Jul/2026 14:06:45] "GET / HTTP/1.1" 302 0
[14/Jul/2026 14:06:45] "GET /admin/login/?next=/ HTTP/1.1" 200 4068
[14/Jul/2026 14:06:45] "GET /static/admin/css/base.css HTTP/1.1" 200 23100
[14/Jul/2026 14:06:45] "GET /static/admin/css/dark_mode.css HTTP/1.1" 200 3538
[14/Jul/2026 14:06:45] "GET /static/admin/css/login.css HTTP/1.1" 200 951
[14/Jul/2026 14:06:45] "GET /static/admin/css/responsive.css HTTP/1.1" 200 16273
[14/Jul/2026 14:06:45] "GET /static/admin/css/nav_sidebar.css HTTP/1.1" 200 2810
[14/Jul/2026 14:06:46] "GET /static/admin/js/theme.js HTTP/1.1" 200 1653
[14/Jul/2026 14:06:46] "GET /static/admin/js/nav_sidebar.js HTTP/1.1" 200 3063
Not Found: /favicon.ico
[14/Jul/2026 14:06:47] "GET /favicon.ico HTTP/1.1" 404 3847
Not Found: /favicon.ico
[14/Jul/2026 14:06:47] "GET /favicon.ico HTTP/1.1" 404 3847
[14/Jul/2026 14:06:53] "POST /admin/login/?next=/ HTTP/1.1" 200 4233
[14/Jul/2026 14:08:01] "GET /jianpu HTTP/1.1" 301 0
[14/Jul/2026 14:08:01] "GET /jianpu/ HTTP/1.1" 200 5954
[15/Jul/2026 08:38:28] "GET / HTTP/1.1" 302 0
[15/Jul/2026 08:38:28] "GET /admin/login/?next=/ HTTP/1.1" 200 4068
[17/Jul/2026 20:49:08] "GET / HTTP/1.1" 302 0
[17/Jul/2026 20:49:08] "GET /admin/login/?next=/ HTTP/1.1" 200 4068
[20/Jul/2026 09:50:38] "GET / HTTP/1.1" 302 0
[20/Jul/2026 09:50:38] "GET /admin/login/?next=/ HTTP/1.1" 200 4068
[20/Jul/2026 09:50:39] "GET /static/admin/css/base.css HTTP/1.1" 200 23100
[20/Jul/2026 09:50:39] "GET /static/admin/css/responsive.css HTTP/1.1" 200 16273
[20/Jul/2026 09:50:39] "GET /static/admin/css/login.css HTTP/1.1" 304 0
[20/Jul/2026 09:50:39] "GET /static/admin/css/dark_mode.css HTTP/1.1" 304 0
[20/Jul/2026 09:50:39] "GET /static/admin/css/nav_sidebar.css HTTP/1.1" 304 0
[20/Jul/2026 09:50:39] "GET /static/admin/js/theme.js HTTP/1.1" 304 0
[20/Jul/2026 09:50:39] "GET /static/admin/js/nav_sidebar.js HTTP/1.1" 304 0
Not Found: /favicon.ico
[20/Jul/2026 09:50:39] "GET /favicon.ico HTTP/1.1" 404 3847
[20/Jul/2026 09:50:45] "POST /admin/login/?next=/ HTTP/1.1" 302 0
[20/Jul/2026 09:50:45] "GET / HTTP/1.1" 200 10566
[20/Jul/2026 09:50:47] "GET /synonyms/ HTTP/1.1" 200 12350
[20/Jul/2026 09:50:50] "GET /synonyms/4/ HTTP/1.1" 200 10523
/home/singularsquare2017/work/word_echo/apps/synonyms/urls.py changed, reloading.
Performing system checks...

System check identified no issues (0 silenced).
June 09, 2026 - 05:22:14
Django version 6.0.3, using settings 'word_echo.settings'
Starting development server at http://0.0.0.0:12345/
Quit the server with CONTROL-C.

WARNING: This is a development server. Do not use it in a production setting. Use a production WSGI or ASGI server instead.
For more information on production servers see: https://docs.djangoproject.com/en/6.0/howto/deployment/
Watching for file changes with StatReloader
Exception in thread django-main-thread:
Traceback (most recent call last):
  File "/usr/lib/python3.12/threading.py", line 1073, in _bootstrap_inner
    self.run()
  File "/usr/lib/python3.12/threading.py", line 1010, in run
    self._target(*self._args, **self._kwargs)
  File "/home/singularsquare2017/work/word_echo/python_venv/lib/python3.12/site-packages/django/utils/autoreload.py", line 64, in wrapper
    fn(*args, **kwargs)
  File "/home/singularsquare2017/work/word_echo/python_venv/lib/python3.12/site-packages/django/core/management/commands/runserver.py", line 134, in inner_run
    self.check(**check_kwargs)
  File "/home/singularsquare2017/work/word_echo/python_venv/lib/python3.12/site-packages/django/core/management/base.py", line 496, in check
    all_issues = checks.run_checks(
                 ^^^^^^^^^^^^^^^^^^
  File "/home/singularsquare2017/work/word_echo/python_venv/lib/python3.12/site-packages/django/core/checks/registry.py", line 89, in run_checks
    new_errors = check(app_configs=app_configs, databases=databases)
                 ^^^^^^^^^^^^^^^^^^^^^^^^^^^^^^^^^^^^^^^^^^^^^^^^^^^
  File "/home/singularsquare2017/work/word_echo/python_venv/lib/python3.12/site-packages/django/core/checks/urls.py", line 16, in check_url_config
    return check_resolver(resolver)
           ^^^^^^^^^^^^^^^^^^^^^^^^
  File "/home/singularsquare2017/work/word_echo/python_venv/lib/python3.12/site-packages/django/core/checks/urls.py", line 26, in check_resolver
    return check_method()
           ^^^^^^^^^^^^^^
  File "/home/singularsquare2017/work/word_echo/python_venv/lib/python3.12/site-packages/django/urls/resolvers.py", line 541, in check
    for pattern in self.url_patterns:
                   ^^^^^^^^^^^^^^^^^
  File "/home/singularsquare2017/work/word_echo/python_venv/lib/python3.12/site-packages/django/utils/functional.py", line 47, in __get__
    res = instance.__dict__[self.name] = self.func(instance)
                                         ^^^^^^^^^^^^^^^^^^^
  File "/home/singularsquare2017/work/word_echo/python_venv/lib/python3.12/site-packages/django/urls/resolvers.py", line 729, in url_patterns
    patterns = getattr(self.urlconf_module, "urlpatterns", self.urlconf_module)
                       ^^^^^^^^^^^^^^^^^^^
  File "/home/singularsquare2017/work/word_echo/python_venv/lib/python3.12/site-packages/django/utils/functional.py", line 47, in __get__
    res = instance.__dict__[self.name] = self.func(instance)
                                         ^^^^^^^^^^^^^^^^^^^
  File "/home/singularsquare2017/work/word_echo/python_venv/lib/python3.12/site-packages/django/urls/resolvers.py", line 722, in urlconf_module
    return import_module(self.urlconf_name)
           ^^^^^^^^^^^^^^^^^^^^^^^^^^^^^^^^
  File "/usr/lib/python3.12/importlib/__init__.py", line 90, in import_module
    return _bootstrap._gcd_import(name[level:], package, level)
           ^^^^^^^^^^^^^^^^^^^^^^^^^^^^^^^^^^^^^^^^^^^^^^^^^^^^
  File "<frozen importlib._bootstrap>", line 1387, in _gcd_import
  File "<frozen importlib._bootstrap>", line 1360, in _find_and_load
  File "<frozen importlib._bootstrap>", line 1331, in _find_and_load_unlocked
  File "<frozen importlib._bootstrap>", line 935, in _load_unlocked
  File "<frozen importlib._bootstrap_external>", line 995, in exec_module
  File "<frozen importlib._bootstrap>", line 488, in _call_with_frames_removed
  File "/home/singularsquare2017/work/word_echo/word_echo/urls.py", line 30, in <module>
    path("synonyms/", include("apps.synonyms.urls")),
                      ^^^^^^^^^^^^^^^^^^^^^^^^^^^^^
  File "/home/singularsquare2017/work/word_echo/python_venv/lib/python3.12/site-packages/django/urls/conf.py", line 39, in include
    urlconf_module = import_module(urlconf_module)
                     ^^^^^^^^^^^^^^^^^^^^^^^^^^^^^
  File "/usr/lib/python3.12/importlib/__init__.py", line 90, in import_module
    return _bootstrap._gcd_import(name[level:], package, level)
           ^^^^^^^^^^^^^^^^^^^^^^^^^^^^^^^^^^^^^^^^^^^^^^^^^^^^
  File "<frozen importlib._bootstrap>", line 1387, in _gcd_import
  File "<frozen importlib._bootstrap>", line 1360, in _find_and_load
  File "<frozen importlib._bootstrap>", line 1331, in _find_and_load_unlocked
  File "<frozen importlib._bootstrap>", line 935, in _load_unlocked
  File "<frozen importlib._bootstrap_external>", line 995, in exec_module
  File "<frozen importlib._bootstrap>", line 488, in _call_with_frames_removed
  File "/home/singularsquare2017/work/word_echo/apps/synonyms/urls.py", line 2, in <module>
    from . import views
  File "/home/singularsquare2017/work/word_echo/apps/synonyms/views.py", line 10, in <module>
    from .synonym_ai import SynonymAIError, generate_synonym_data
ModuleNotFoundError: No module named 'apps.synonyms.synonym_ai'
/home/singularsquare2017/work/word_echo/word_echo/settings.py changed, reloading.
Performing system checks...

Watching for file changes with StatReloader
/home/singularsquare2017/work/word_echo/word_echo/settings.py changed, reloading.
Performing system checks...

System check identified no issues (0 silenced).
July 20, 2026 - 09:59:24
Django version 6.0.3, using settings 'word_echo.settings'
Starting development server at http://0.0.0.0:12345/
Quit the server with CONTROL-C.

WARNING: This is a development server. Do not use it in a production setting. Use a production WSGI or ASGI server instead.
For more information on production servers see: https://docs.djangoproject.com/en/6.0/howto/deployment/
Watching for file changes with StatReloader
/home/singularsquare2017/work/word_echo/word_echo/settings.py changed, reloading.
Performing system checks...

System check identified no issues (0 silenced).
July 20, 2026 - 10:00:50
Django version 6.0.3, using settings 'word_echo.settings'
Starting development server at http://0.0.0.0:12345/
Quit the server with CONTROL-C.

WARNING: This is a development server. Do not use it in a production setting. Use a production WSGI or ASGI server instead.
For more information on production servers see: https://docs.djangoproject.com/en/6.0/howto/deployment/
Watching for file changes with StatReloader
[20/Jul/2026 10:03:03] "GET / HTTP/1.1" 200 10566
[20/Jul/2026 10:03:04] "GET /synonyms/ HTTP/1.1" 200 12350
[20/Jul/2026 10:07:48] "GET /synonyms/ HTTP/1.1" 200 12350
Watching for file changes with StatReloader
Error: That port is already in use.
Performing system checks...

System check identified no issues (0 silenced).
July 20, 2026 - 10:02:53
Django version 6.0.3, using settings 'word_echo.settings'
Starting development server at http://0.0.0.0:12345/
Quit the server with CONTROL-C.

WARNING: This is a development server. Do not use it in a production setting. Use a production WSGI or ASGI server instead.
For more information on production servers see: https://docs.djangoproject.com/en/6.0/howto/deployment/
Watching for file changes with StatReloader
[20/Jul/2026 10:09:59] "GET /synonyms/ HTTP/1.1" 200 12350
[20/Jul/2026 10:10:02] "GET /synonyms/ HTTP/1.1" 200 12350
[20/Jul/2026 10:10:04] "GET /synonyms/ HTTP/1.1" 200 12350
[20/Jul/2026 10:10:07] "GET /synonyms/add/ HTTP/1.1" 200 12296
Synonym AI request failed for 'limit'
Traceback (most recent call last):
  File "/home/singularsquare2017/work/word_echo/apps/synonyms/synonym_ai.py", line 53, in generate_synonym_data
    response = OpenAI(api_key=api_key, base_url=settings.SYNONYM_AI_BASE_URL).chat.completions.create(
               ^^^^^^^^^^^^^^^^^^^^^^^^^^^^^^^^^^^^^^^^^^^^^^^^^^^^^^^^^^^^^^^^^^^^^^^^^^^^^^^^^^^^^^^
  File "/home/singularsquare2017/work/word_echo/python_venv/lib/python3.12/site-packages/openai/_utils/_utils.py", line 286, in wrapper
    return func(*args, **kwargs)
           ^^^^^^^^^^^^^^^^^^^^^
  File "/home/singularsquare2017/work/word_echo/python_venv/lib/python3.12/site-packages/openai/resources/chat/completions/completions.py", line 1211, in create
    return self._post(
           ^^^^^^^^^^^
  File "/home/singularsquare2017/work/word_echo/python_venv/lib/python3.12/site-packages/openai/_base_client.py", line 1297, in post
    return cast(ResponseT, self.request(cast_to, opts, stream=stream, stream_cls=stream_cls))
                           ^^^^^^^^^^^^^^^^^^^^^^^^^^^^^^^^^^^^^^^^^^^^^^^^^^^^^^^^^^^^^^^^^
  File "/home/singularsquare2017/work/word_echo/python_venv/lib/python3.12/site-packages/openai/_base_client.py", line 1070, in request
    raise self._make_status_error_from_response(err.response) from None
openai.BadRequestError: Error code: 400 - {'error': {'message': "Unsupported value: 'temperature' does not support 0.2 with this model. Only the default (1) value is supported.", 'type': 'invalid_request_error', 'param': 'temperature', 'code': 'unsupported_value'}}
Bad Request: /synonyms/ai/generate/
[20/Jul/2026 10:10:42] "POST /synonyms/ai/generate/ HTTP/1.1" 400 130
/home/singularsquare2017/work/word_echo/word_echo/settings.py changed, reloading.
Performing system checks...

System check identified no issues (0 silenced).
July 20, 2026 - 10:09:57
Django version 6.0.3, using settings 'word_echo.settings'
Starting development server at http://0.0.0.0:12345/
Quit the server with CONTROL-C.

WARNING: This is a development server. Do not use it in a production setting. Use a production WSGI or ASGI server instead.
For more information on production servers see: https://docs.djangoproject.com/en/6.0/howto/deployment/
Watching for file changes with StatReloader
Synonym AI request failed for 'limit'
Traceback (most recent call last):
  File "/home/singularsquare2017/work/word_echo/apps/synonyms/synonym_ai.py", line 53, in generate_synonym_data
    response = OpenAI(api_key=api_key, base_url=settings.SYNONYM_AI_BASE_URL).chat.completions.create(
               ^^^^^^^^^^^^^^^^^^^^^^^^^^^^^^^^^^^^^^^^^^^^^^^^^^^^^^^^^^^^^^^^^^^^^^^^^^^^^^^^^^^^^^^
  File "/home/singularsquare2017/work/word_echo/python_venv/lib/python3.12/site-packages/openai/_utils/_utils.py", line 286, in wrapper
    return func(*args, **kwargs)
           ^^^^^^^^^^^^^^^^^^^^^
  File "/home/singularsquare2017/work/word_echo/python_venv/lib/python3.12/site-packages/openai/resources/chat/completions/completions.py", line 1211, in create
    return self._post(
           ^^^^^^^^^^^
  File "/home/singularsquare2017/work/word_echo/python_venv/lib/python3.12/site-packages/openai/_base_client.py", line 1297, in post
    return cast(ResponseT, self.request(cast_to, opts, stream=stream, stream_cls=stream_cls))
                           ^^^^^^^^^^^^^^^^^^^^^^^^^^^^^^^^^^^^^^^^^^^^^^^^^^^^^^^^^^^^^^^^^
  File "/home/singularsquare2017/work/word_echo/python_venv/lib/python3.12/site-packages/openai/_base_client.py", line 1070, in request
    raise self._make_status_error_from_response(err.response) from None
openai.NotFoundError: Error code: 404 - {'error': {'message': 'The model `gpt-4-mini` does not exist or you do not have access to it.', 'type': 'invalid_request_error', 'param': None, 'code': 'model_not_found'}}
Bad Request: /synonyms/ai/generate/
[20/Jul/2026 10:11:31] "POST /synonyms/ai/generate/ HTTP/1.1" 400 130
/home/singularsquare2017/work/word_echo/word_echo/settings.py changed, reloading.
Performing system checks...

System check identified no issues (0 silenced).
July 20, 2026 - 10:11:27
Django version 6.0.3, using settings 'word_echo.settings'
Starting development server at http://0.0.0.0:12345/
Quit the server with CONTROL-C.

WARNING: This is a development server. Do not use it in a production setting. Use a production WSGI or ASGI server instead.
For more information on production servers see: https://docs.djangoproject.com/en/6.0/howto/deployment/
Watching for file changes with StatReloader
/home/singularsquare2017/work/word_echo/word_echo/settings.py changed, reloading.
Performing system checks...

System check identified no issues (0 silenced).
July 20, 2026 - 10:11:43
Django version 6.0.3, using settings 'word_echo.settings'
Starting development server at http://0.0.0.0:12345/
Quit the server with CONTROL-C.

WARNING: This is a development server. Do not use it in a production setting. Use a production WSGI or ASGI server instead.
For more information on production servers see: https://docs.djangoproject.com/en/6.0/howto/deployment/
Watching for file changes with StatReloader
/home/singularsquare2017/work/word_echo/apps/phrases/phrase_ai.py changed, reloading.
Performing system checks...

System check identified no issues (0 silenced).
July 20, 2026 - 10:14:06
Django version 6.0.3, using settings 'word_echo.settings'
Starting development server at http://0.0.0.0:12345/
Quit the server with CONTROL-C.

WARNING: This is a development server. Do not use it in a production setting. Use a production WSGI or ASGI server instead.
For more information on production servers see: https://docs.djangoproject.com/en/6.0/howto/deployment/
Watching for file changes with StatReloader
[20/Jul/2026 10:15:57] "GET /synonyms/add/ HTTP/1.1" 200 12296
Bad Request: /synonyms/ai/generate/
[20/Jul/2026 10:16:03] "POST /synonyms/ai/generate/ HTTP/1.1" 400 111
/home/singularsquare2017/work/word_echo/word_echo/settings.py changed, reloading.
Performing system checks...

System check identified no issues (0 silenced).
July 20, 2026 - 10:14:54
Django version 6.0.3, using settings 'word_echo.settings'
Starting development server at http://0.0.0.0:12345/
Quit the server with CONTROL-C.

WARNING: This is a development server. Do not use it in a production setting. Use a production WSGI or ASGI server instead.
For more information on production servers see: https://docs.djangoproject.com/en/6.0/howto/deployment/
Watching for file changes with StatReloader
[20/Jul/2026 10:17:38] "POST /synonyms/ai/generate/ HTTP/1.1" 200 1942
/home/singularsquare2017/work/word_echo/apps/synonyms/services.py changed, reloading.
Performing system checks...

System check identified no issues (0 silenced).
July 20, 2026 - 10:16:42
Django version 6.0.3, using settings 'word_echo.settings'
Starting development server at http://0.0.0.0:12345/
Quit the server with CONTROL-C.

WARNING: This is a development server. Do not use it in a production setting. Use a production WSGI or ASGI server instead.
For more information on production servers see: https://docs.djangoproject.com/en/6.0/howto/deployment/
Watching for file changes with StatReloader
/home/singularsquare2017/work/word_echo/apps/synonyms/views.py changed, reloading.
Performing system checks...

System check identified no issues (0 silenced).

You have 1 unapplied migration(s). Your project may not work properly until you apply the migrations for app(s): synonyms.
Run 'python manage.py migrate' to apply them.
July 20, 2026 - 10:23:53
Django version 6.0.3, using settings 'word_echo.settings'
Starting development server at http://0.0.0.0:12345/
Quit the server with CONTROL-C.

WARNING: This is a development server. Do not use it in a production setting. Use a production WSGI or ASGI server instead.
For more information on production servers see: https://docs.djangoproject.com/en/6.0/howto/deployment/
Watching for file changes with StatReloader
/home/singularsquare2017/work/word_echo/apps/synonyms/services.py changed, reloading.
Performing system checks...

System check identified no issues (0 silenced).

You have 1 unapplied migration(s). Your project may not work properly until you apply the migrations for app(s): synonyms.
Run 'python manage.py migrate' to apply them.
July 20, 2026 - 10:25:52
Django version 6.0.3, using settings 'word_echo.settings'
Starting development server at http://0.0.0.0:12345/
Quit the server with CONTROL-C.

WARNING: This is a development server. Do not use it in a production setting. Use a production WSGI or ASGI server instead.
For more information on production servers see: https://docs.djangoproject.com/en/6.0/howto/deployment/
Watching for file changes with StatReloader
/home/singularsquare2017/work/word_echo/apps/synonyms/synonym_ai.py changed, reloading.
Performing system checks...

System check identified no issues (0 silenced).

You have 1 unapplied migration(s). Your project may not work properly until you apply the migrations for app(s): synonyms.
Run 'python manage.py migrate' to apply them.
July 20, 2026 - 10:26:28
Django version 6.0.3, using settings 'word_echo.settings'
Starting development server at http://0.0.0.0:12345/
Quit the server with CONTROL-C.

WARNING: This is a development server. Do not use it in a production setting. Use a production WSGI or ASGI server instead.
For more information on production servers see: https://docs.djangoproject.com/en/6.0/howto/deployment/
Watching for file changes with StatReloader
[20/Jul/2026 10:28:17] "GET /synonyms/add/ HTTP/1.1" 200 14417
[20/Jul/2026 10:29:02] "POST /synonyms/ai/generate/ HTTP/1.1" 200 3602
/home/singularsquare2017/work/word_echo/apps/synonyms/models.py changed, reloading.
Performing system checks...

System check identified no issues (0 silenced).

You have 1 unapplied migration(s). Your project may not work properly until you apply the migrations for app(s): synonyms.
Run 'python manage.py migrate' to apply them.
July 20, 2026 - 10:27:06
Django version 6.0.3, using settings 'word_echo.settings'
Starting development server at http://0.0.0.0:12345/
Quit the server with CONTROL-C.

WARNING: This is a development server. Do not use it in a production setting. Use a production WSGI or ASGI server instead.
For more information on production servers see: https://docs.djangoproject.com/en/6.0/howto/deployment/
Watching for file changes with StatReloader
[20/Jul/2026 10:43:04] "GET /synonyms/add/ HTTP/1.1" 200 14551
Synonym AI request failed for 'limit'
Traceback (most recent call last):
  File "/home/singularsquare2017/work/word_echo/python_venv/lib/python3.12/site-packages/httpx/_transports/default.py", line 101, in map_httpcore_exceptions
    yield
  File "/home/singularsquare2017/work/word_echo/python_venv/lib/python3.12/site-packages/httpx/_transports/default.py", line 250, in handle_request
    resp = self._pool.handle_request(req)
           ^^^^^^^^^^^^^^^^^^^^^^^^^^^^^^
  File "/home/singularsquare2017/work/word_echo/python_venv/lib/python3.12/site-packages/httpcore/_sync/connection_pool.py", line 256, in handle_request
    raise exc from None
  File "/home/singularsquare2017/work/word_echo/python_venv/lib/python3.12/site-packages/httpcore/_sync/connection_pool.py", line 236, in handle_request
    response = connection.handle_request(
               ^^^^^^^^^^^^^^^^^^^^^^^^^^
  File "/home/singularsquare2017/work/word_echo/python_venv/lib/python3.12/site-packages/httpcore/_sync/connection.py", line 103, in handle_request
    return self._connection.handle_request(request)
           ^^^^^^^^^^^^^^^^^^^^^^^^^^^^^^^^^^^^^^^^
  File "/home/singularsquare2017/work/word_echo/python_venv/lib/python3.12/site-packages/httpcore/_sync/http11.py", line 136, in handle_request
    raise exc
  File "/home/singularsquare2017/work/word_echo/python_venv/lib/python3.12/site-packages/httpcore/_sync/http11.py", line 106, in handle_request
    ) = self._receive_response_headers(**kwargs)
        ^^^^^^^^^^^^^^^^^^^^^^^^^^^^^^^^^^^^^^^^
  File "/home/singularsquare2017/work/word_echo/python_venv/lib/python3.12/site-packages/httpcore/_sync/http11.py", line 177, in _receive_response_headers
    event = self._receive_event(timeout=timeout)
            ^^^^^^^^^^^^^^^^^^^^^^^^^^^^^^^^^^^^
  File "/home/singularsquare2017/work/word_echo/python_venv/lib/python3.12/site-packages/httpcore/_sync/http11.py", line 217, in _receive_event
    data = self._network_stream.read(
           ^^^^^^^^^^^^^^^^^^^^^^^^^^
  File "/home/singularsquare2017/work/word_echo/python_venv/lib/python3.12/site-packages/httpcore/_backends/sync.py", line 126, in read
    with map_exceptions(exc_map):
  File "/usr/lib/python3.12/contextlib.py", line 158, in __exit__
    self.gen.throw(value)
  File "/home/singularsquare2017/work/word_echo/python_venv/lib/python3.12/site-packages/httpcore/_exceptions.py", line 14, in map_exceptions
    raise to_exc(exc) from exc
httpcore.ReadTimeout: The read operation timed out

The above exception was the direct cause of the following exception:

Traceback (most recent call last):
  File "/home/singularsquare2017/work/word_echo/python_venv/lib/python3.12/site-packages/openai/_base_client.py", line 1005, in request
    response = self._client.send(
               ^^^^^^^^^^^^^^^^^^
  File "/home/singularsquare2017/work/word_echo/python_venv/lib/python3.12/site-packages/httpx/_client.py", line 914, in send
    response = self._send_handling_auth(
               ^^^^^^^^^^^^^^^^^^^^^^^^^
  File "/home/singularsquare2017/work/word_echo/python_venv/lib/python3.12/site-packages/httpx/_client.py", line 942, in _send_handling_auth
    response = self._send_handling_redirects(
               ^^^^^^^^^^^^^^^^^^^^^^^^^^^^^^
  File "/home/singularsquare2017/work/word_echo/python_venv/lib/python3.12/site-packages/httpx/_client.py", line 979, in _send_handling_redirects
    response = self._send_single_request(request)
               ^^^^^^^^^^^^^^^^^^^^^^^^^^^^^^^^^^
  File "/home/singularsquare2017/work/word_echo/python_venv/lib/python3.12/site-packages/httpx/_client.py", line 1014, in _send_single_request
    response = transport.handle_request(request)
               ^^^^^^^^^^^^^^^^^^^^^^^^^^^^^^^^^
  File "/home/singularsquare2017/work/word_echo/python_venv/lib/python3.12/site-packages/httpx/_transports/default.py", line 249, in handle_request
    with map_httpcore_exceptions():
  File "/usr/lib/python3.12/contextlib.py", line 158, in __exit__
    self.gen.throw(value)
  File "/home/singularsquare2017/work/word_echo/python_venv/lib/python3.12/site-packages/httpx/_transports/default.py", line 118, in map_httpcore_exceptions
    raise mapped_exc(message) from exc
httpx.ReadTimeout: The read operation timed out

The above exception was the direct cause of the following exception:

Traceback (most recent call last):
  File "/home/singularsquare2017/work/word_echo/apps/synonyms/synonym_ai.py", line 78, in generate_synonym_data
    response = OpenAI(api_key=api_key, base_url=settings.SYNONYM_AI_BASE_URL).chat.completions.create(
               ^^^^^^^^^^^^^^^^^^^^^^^^^^^^^^^^^^^^^^^^^^^^^^^^^^^^^^^^^^^^^^^^^^^^^^^^^^^^^^^^^^^^^^^
  File "/home/singularsquare2017/work/word_echo/python_venv/lib/python3.12/site-packages/openai/_utils/_utils.py", line 286, in wrapper
    return func(*args, **kwargs)
           ^^^^^^^^^^^^^^^^^^^^^
  File "/home/singularsquare2017/work/word_echo/python_venv/lib/python3.12/site-packages/openai/resources/chat/completions/completions.py", line 1211, in create
    return self._post(
           ^^^^^^^^^^^
  File "/home/singularsquare2017/work/word_echo/python_venv/lib/python3.12/site-packages/openai/_base_client.py", line 1297, in post
    return cast(ResponseT, self.request(cast_to, opts, stream=stream, stream_cls=stream_cls))
                           ^^^^^^^^^^^^^^^^^^^^^^^^^^^^^^^^^^^^^^^^^^^^^^^^^^^^^^^^^^^^^^^^^
  File "/home/singularsquare2017/work/word_echo/python_venv/lib/python3.12/site-packages/openai/_base_client.py", line 1023, in request
    raise APITimeoutError(request=request) from err
openai.APITimeoutError: Request timed out.
Bad Request: /synonyms/ai/generate/
[20/Jul/2026 10:44:55] "POST /synonyms/ai/generate/ HTTP/1.1" 400 130
Performing system checks...

System check identified no issues (0 silenced).

You have 1 unapplied migration(s). Your project may not work properly until you apply the migrations for app(s): synonyms.
Run 'python manage.py migrate' to apply them.
July 20, 2026 - 10:31:40
Django version 6.0.3, using settings 'word_echo.settings'
Starting development server at http://0.0.0.0:12345/
Quit the server with CONTROL-C.

WARNING: This is a development server. Do not use it in a production setting. Use a production WSGI or ASGI server instead.
For more information on production servers see: https://docs.djangoproject.com/en/6.0/howto/deployment/
Watching for file changes with StatReloader
[20/Jul/2026 10:45:58] "GET /synonyms/add/ HTTP/1.1" 200 14551
Synonym AI request failed for 'limit'
Traceback (most recent call last):
  File "/home/singularsquare2017/work/word_echo/python_venv/lib/python3.12/site-packages/httpx/_transports/default.py", line 101, in map_httpcore_exceptions
    yield
  File "/home/singularsquare2017/work/word_echo/python_venv/lib/python3.12/site-packages/httpx/_transports/default.py", line 250, in handle_request
    resp = self._pool.handle_request(req)
           ^^^^^^^^^^^^^^^^^^^^^^^^^^^^^^
  File "/home/singularsquare2017/work/word_echo/python_venv/lib/python3.12/site-packages/httpcore/_sync/connection_pool.py", line 256, in handle_request
    raise exc from None
  File "/home/singularsquare2017/work/word_echo/python_venv/lib/python3.12/site-packages/httpcore/_sync/connection_pool.py", line 236, in handle_request
    response = connection.handle_request(
               ^^^^^^^^^^^^^^^^^^^^^^^^^^
  File "/home/singularsquare2017/work/word_echo/python_venv/lib/python3.12/site-packages/httpcore/_sync/connection.py", line 103, in handle_request
    return self._connection.handle_request(request)
           ^^^^^^^^^^^^^^^^^^^^^^^^^^^^^^^^^^^^^^^^
  File "/home/singularsquare2017/work/word_echo/python_venv/lib/python3.12/site-packages/httpcore/_sync/http11.py", line 136, in handle_request
    raise exc
  File "/home/singularsquare2017/work/word_echo/python_venv/lib/python3.12/site-packages/httpcore/_sync/http11.py", line 106, in handle_request
    ) = self._receive_response_headers(**kwargs)
        ^^^^^^^^^^^^^^^^^^^^^^^^^^^^^^^^^^^^^^^^
  File "/home/singularsquare2017/work/word_echo/python_venv/lib/python3.12/site-packages/httpcore/_sync/http11.py", line 177, in _receive_response_headers
    event = self._receive_event(timeout=timeout)
            ^^^^^^^^^^^^^^^^^^^^^^^^^^^^^^^^^^^^
  File "/home/singularsquare2017/work/word_echo/python_venv/lib/python3.12/site-packages/httpcore/_sync/http11.py", line 217, in _receive_event
    data = self._network_stream.read(
           ^^^^^^^^^^^^^^^^^^^^^^^^^^
  File "/home/singularsquare2017/work/word_echo/python_venv/lib/python3.12/site-packages/httpcore/_backends/sync.py", line 126, in read
    with map_exceptions(exc_map):
  File "/usr/lib/python3.12/contextlib.py", line 158, in __exit__
    self.gen.throw(value)
  File "/home/singularsquare2017/work/word_echo/python_venv/lib/python3.12/site-packages/httpcore/_exceptions.py", line 14, in map_exceptions
    raise to_exc(exc) from exc
httpcore.ReadTimeout: The read operation timed out

The above exception was the direct cause of the following exception:

Traceback (most recent call last):
  File "/home/singularsquare2017/work/word_echo/python_venv/lib/python3.12/site-packages/openai/_base_client.py", line 1005, in request
    response = self._client.send(
               ^^^^^^^^^^^^^^^^^^
  File "/home/singularsquare2017/work/word_echo/python_venv/lib/python3.12/site-packages/httpx/_client.py", line 914, in send
    response = self._send_handling_auth(
               ^^^^^^^^^^^^^^^^^^^^^^^^^
  File "/home/singularsquare2017/work/word_echo/python_venv/lib/python3.12/site-packages/httpx/_client.py", line 942, in _send_handling_auth
    response = self._send_handling_redirects(
               ^^^^^^^^^^^^^^^^^^^^^^^^^^^^^^
  File "/home/singularsquare2017/work/word_echo/python_venv/lib/python3.12/site-packages/httpx/_client.py", line 979, in _send_handling_redirects
    response = self._send_single_request(request)
               ^^^^^^^^^^^^^^^^^^^^^^^^^^^^^^^^^^
  File "/home/singularsquare2017/work/word_echo/python_venv/lib/python3.12/site-packages/httpx/_client.py", line 1014, in _send_single_request
    response = transport.handle_request(request)
               ^^^^^^^^^^^^^^^^^^^^^^^^^^^^^^^^^
  File "/home/singularsquare2017/work/word_echo/python_venv/lib/python3.12/site-packages/httpx/_transports/default.py", line 249, in handle_request
    with map_httpcore_exceptions():
  File "/usr/lib/python3.12/contextlib.py", line 158, in __exit__
    self.gen.throw(value)
  File "/home/singularsquare2017/work/word_echo/python_venv/lib/python3.12/site-packages/httpx/_transports/default.py", line 118, in map_httpcore_exceptions
    raise mapped_exc(message) from exc
httpx.ReadTimeout: The read operation timed out

The above exception was the direct cause of the following exception:

Traceback (most recent call last):
  File "/home/singularsquare2017/work/word_echo/apps/synonyms/synonym_ai.py", line 78, in generate_synonym_data
    response = OpenAI(api_key=api_key, base_url=settings.SYNONYM_AI_BASE_URL).chat.completions.create(
               ^^^^^^^^^^^^^^^^^^^^^^^^^^^^^^^^^^^^^^^^^^^^^^^^^^^^^^^^^^^^^^^^^^^^^^^^^^^^^^^^^^^^^^^
  File "/home/singularsquare2017/work/word_echo/python_venv/lib/python3.12/site-packages/openai/_utils/_utils.py", line 286, in wrapper
    return func(*args, **kwargs)
           ^^^^^^^^^^^^^^^^^^^^^
  File "/home/singularsquare2017/work/word_echo/python_venv/lib/python3.12/site-packages/openai/resources/chat/completions/completions.py", line 1211, in create
    return self._post(
           ^^^^^^^^^^^
  File "/home/singularsquare2017/work/word_echo/python_venv/lib/python3.12/site-packages/openai/_base_client.py", line 1297, in post
    return cast(ResponseT, self.request(cast_to, opts, stream=stream, stream_cls=stream_cls))
                           ^^^^^^^^^^^^^^^^^^^^^^^^^^^^^^^^^^^^^^^^^^^^^^^^^^^^^^^^^^^^^^^^^
  File "/home/singularsquare2017/work/word_echo/python_venv/lib/python3.12/site-packages/openai/_base_client.py", line 1023, in request
    raise APITimeoutError(request=request) from err
openai.APITimeoutError: Request timed out.
Bad Request: /synonyms/ai/generate/
[20/Jul/2026 10:47:40] "POST /synonyms/ai/generate/ HTTP/1.1" 400 130
/home/singularsquare2017/work/word_echo/apps/synonyms/synonym_ai.py changed, reloading.
Performing system checks...

System check identified no issues (0 silenced).
July 20, 2026 - 10:45:55
Django version 6.0.3, using settings 'word_echo.settings'
Starting development server at http://0.0.0.0:12345/
Quit the server with CONTROL-C.

WARNING: This is a development server. Do not use it in a production setting. Use a production WSGI or ASGI server instead.
For more information on production servers see: https://docs.djangoproject.com/en/6.0/howto/deployment/
Watching for file changes with StatReloader
/home/singularsquare2017/work/word_echo/word_echo/settings.py changed, reloading.
Performing system checks...

System check identified no issues (0 silenced).
July 20, 2026 - 10:50:15
Django version 6.0.3, using settings 'word_echo.settings'
Starting development server at http://0.0.0.0:12345/
Quit the server with CONTROL-C.

WARNING: This is a development server. Do not use it in a production setting. Use a production WSGI or ASGI server instead.
For more information on production servers see: https://docs.djangoproject.com/en/6.0/howto/deployment/
Watching for file changes with StatReloader
Performing system checks...

System check identified no issues (0 silenced).
July 20, 2026 - 11:36:35
Django version 6.0.3, using settings 'word_echo.settings'
Starting development server at http://0.0.0.0:12345/
Quit the server with CONTROL-C.

WARNING: This is a development server. Do not use it in a production setting. Use a production WSGI or ASGI server instead.
For more information on production servers see: https://docs.djangoproject.com/en/6.0/howto/deployment/
Watching for file changes with StatReloader
[20/Jul/2026 11:36:48] "GET /synonyms/add/ HTTP/1.1" 200 14551
Synonym AI request timed out or could not connect for 'limit'
Traceback (most recent call last):
  File "/home/singularsquare2017/work/word_echo/python_venv/lib/python3.12/site-packages/httpx/_transports/default.py", line 101, in map_httpcore_exceptions
    yield
  File "/home/singularsquare2017/work/word_echo/python_venv/lib/python3.12/site-packages/httpx/_transports/default.py", line 250, in handle_request
    resp = self._pool.handle_request(req)
           ^^^^^^^^^^^^^^^^^^^^^^^^^^^^^^
  File "/home/singularsquare2017/work/word_echo/python_venv/lib/python3.12/site-packages/httpcore/_sync/connection_pool.py", line 256, in handle_request
    raise exc from None
  File "/home/singularsquare2017/work/word_echo/python_venv/lib/python3.12/site-packages/httpcore/_sync/connection_pool.py", line 236, in handle_request
    response = connection.handle_request(
               ^^^^^^^^^^^^^^^^^^^^^^^^^^
  File "/home/singularsquare2017/work/word_echo/python_venv/lib/python3.12/site-packages/httpcore/_sync/connection.py", line 103, in handle_request
    return self._connection.handle_request(request)
           ^^^^^^^^^^^^^^^^^^^^^^^^^^^^^^^^^^^^^^^^
  File "/home/singularsquare2017/work/word_echo/python_venv/lib/python3.12/site-packages/httpcore/_sync/http11.py", line 136, in handle_request
    raise exc
  File "/home/singularsquare2017/work/word_echo/python_venv/lib/python3.12/site-packages/httpcore/_sync/http11.py", line 106, in handle_request
    ) = self._receive_response_headers(**kwargs)
        ^^^^^^^^^^^^^^^^^^^^^^^^^^^^^^^^^^^^^^^^
  File "/home/singularsquare2017/work/word_echo/python_venv/lib/python3.12/site-packages/httpcore/_sync/http11.py", line 177, in _receive_response_headers
    event = self._receive_event(timeout=timeout)
            ^^^^^^^^^^^^^^^^^^^^^^^^^^^^^^^^^^^^
  File "/home/singularsquare2017/work/word_echo/python_venv/lib/python3.12/site-packages/httpcore/_sync/http11.py", line 217, in _receive_event
    data = self._network_stream.read(
           ^^^^^^^^^^^^^^^^^^^^^^^^^^
  File "/home/singularsquare2017/work/word_echo/python_venv/lib/python3.12/site-packages/httpcore/_backends/sync.py", line 126, in read
    with map_exceptions(exc_map):
  File "/usr/lib/python3.12/contextlib.py", line 158, in __exit__
    self.gen.throw(value)
  File "/home/singularsquare2017/work/word_echo/python_venv/lib/python3.12/site-packages/httpcore/_exceptions.py", line 14, in map_exceptions
    raise to_exc(exc) from exc
httpcore.ReadTimeout: The read operation timed out

The above exception was the direct cause of the following exception:

Traceback (most recent call last):
  File "/home/singularsquare2017/work/word_echo/python_venv/lib/python3.12/site-packages/openai/_base_client.py", line 1005, in request
    response = self._client.send(
               ^^^^^^^^^^^^^^^^^^
  File "/home/singularsquare2017/work/word_echo/python_venv/lib/python3.12/site-packages/httpx/_client.py", line 914, in send
    response = self._send_handling_auth(
               ^^^^^^^^^^^^^^^^^^^^^^^^^
  File "/home/singularsquare2017/work/word_echo/python_venv/lib/python3.12/site-packages/httpx/_client.py", line 942, in _send_handling_auth
    response = self._send_handling_redirects(
               ^^^^^^^^^^^^^^^^^^^^^^^^^^^^^^
  File "/home/singularsquare2017/work/word_echo/python_venv/lib/python3.12/site-packages/httpx/_client.py", line 979, in _send_handling_redirects
    response = self._send_single_request(request)
               ^^^^^^^^^^^^^^^^^^^^^^^^^^^^^^^^^^
  File "/home/singularsquare2017/work/word_echo/python_venv/lib/python3.12/site-packages/httpx/_client.py", line 1014, in _send_single_request
    response = transport.handle_request(request)
               ^^^^^^^^^^^^^^^^^^^^^^^^^^^^^^^^^
  File "/home/singularsquare2017/work/word_echo/python_venv/lib/python3.12/site-packages/httpx/_transports/default.py", line 249, in handle_request
    with map_httpcore_exceptions():
  File "/usr/lib/python3.12/contextlib.py", line 158, in __exit__
    self.gen.throw(value)
  File "/home/singularsquare2017/work/word_echo/python_venv/lib/python3.12/site-packages/httpx/_transports/default.py", line 118, in map_httpcore_exceptions
    raise mapped_exc(message) from exc
httpx.ReadTimeout: The read operation timed out

The above exception was the direct cause of the following exception:

Traceback (most recent call last):
  File "/home/singularsquare2017/work/word_echo/apps/synonyms/synonym_ai.py", line 87, in generate_synonym_data
    response = OpenAI(api_key=api_key, base_url=settings.SYNONYM_AI_BASE_URL).chat.completions.create(
               ^^^^^^^^^^^^^^^^^^^^^^^^^^^^^^^^^^^^^^^^^^^^^^^^^^^^^^^^^^^^^^^^^^^^^^^^^^^^^^^^^^^^^^^
  File "/home/singularsquare2017/work/word_echo/python_venv/lib/python3.12/site-packages/openai/_utils/_utils.py", line 286, in wrapper
    return func(*args, **kwargs)
           ^^^^^^^^^^^^^^^^^^^^^
  File "/home/singularsquare2017/work/word_echo/python_venv/lib/python3.12/site-packages/openai/resources/chat/completions/completions.py", line 1211, in create
    return self._post(
           ^^^^^^^^^^^
  File "/home/singularsquare2017/work/word_echo/python_venv/lib/python3.12/site-packages/openai/_base_client.py", line 1297, in post
    return cast(ResponseT, self.request(cast_to, opts, stream=stream, stream_cls=stream_cls))
                           ^^^^^^^^^^^^^^^^^^^^^^^^^^^^^^^^^^^^^^^^^^^^^^^^^^^^^^^^^^^^^^^^^
  File "/home/singularsquare2017/work/word_echo/python_venv/lib/python3.12/site-packages/openai/_base_client.py", line 1023, in request
    raise APITimeoutError(request=request) from err
openai.APITimeoutError: Request timed out.
Bad Request: /synonyms/ai/generate/
[20/Jul/2026 11:38:34] "POST /synonyms/ai/generate/ HTTP/1.1" 400 156
[20/Jul/2026 11:46:30] "GET /synonyms/add/ HTTP/1.1" 200 20227
Synonym AI request timed out or could not connect for 'limit'
Traceback (most recent call last):
  File "/home/singularsquare2017/work/word_echo/python_venv/lib/python3.12/site-packages/httpx/_transports/default.py", line 101, in map_httpcore_exceptions
    yield
  File "/home/singularsquare2017/work/word_echo/python_venv/lib/python3.12/site-packages/httpx/_transports/default.py", line 250, in handle_request
    resp = self._pool.handle_request(req)
           ^^^^^^^^^^^^^^^^^^^^^^^^^^^^^^
  File "/home/singularsquare2017/work/word_echo/python_venv/lib/python3.12/site-packages/httpcore/_sync/connection_pool.py", line 256, in handle_request
    raise exc from None
  File "/home/singularsquare2017/work/word_echo/python_venv/lib/python3.12/site-packages/httpcore/_sync/connection_pool.py", line 236, in handle_request
    response = connection.handle_request(
               ^^^^^^^^^^^^^^^^^^^^^^^^^^
  File "/home/singularsquare2017/work/word_echo/python_venv/lib/python3.12/site-packages/httpcore/_sync/connection.py", line 103, in handle_request
    return self._connection.handle_request(request)
           ^^^^^^^^^^^^^^^^^^^^^^^^^^^^^^^^^^^^^^^^
  File "/home/singularsquare2017/work/word_echo/python_venv/lib/python3.12/site-packages/httpcore/_sync/http11.py", line 136, in handle_request
    raise exc
  File "/home/singularsquare2017/work/word_echo/python_venv/lib/python3.12/site-packages/httpcore/_sync/http11.py", line 106, in handle_request
    ) = self._receive_response_headers(**kwargs)
        ^^^^^^^^^^^^^^^^^^^^^^^^^^^^^^^^^^^^^^^^
  File "/home/singularsquare2017/work/word_echo/python_venv/lib/python3.12/site-packages/httpcore/_sync/http11.py", line 177, in _receive_response_headers
    event = self._receive_event(timeout=timeout)
            ^^^^^^^^^^^^^^^^^^^^^^^^^^^^^^^^^^^^
  File "/home/singularsquare2017/work/word_echo/python_venv/lib/python3.12/site-packages/httpcore/_sync/http11.py", line 217, in _receive_event
    data = self._network_stream.read(
           ^^^^^^^^^^^^^^^^^^^^^^^^^^
  File "/home/singularsquare2017/work/word_echo/python_venv/lib/python3.12/site-packages/httpcore/_backends/sync.py", line 126, in read
    with map_exceptions(exc_map):
  File "/usr/lib/python3.12/contextlib.py", line 158, in __exit__
    self.gen.throw(value)
  File "/home/singularsquare2017/work/word_echo/python_venv/lib/python3.12/site-packages/httpcore/_exceptions.py", line 14, in map_exceptions
    raise to_exc(exc) from exc
httpcore.ReadTimeout: The read operation timed out

The above exception was the direct cause of the following exception:

Traceback (most recent call last):
  File "/home/singularsquare2017/work/word_echo/python_venv/lib/python3.12/site-packages/openai/_base_client.py", line 1005, in request
    response = self._client.send(
               ^^^^^^^^^^^^^^^^^^
  File "/home/singularsquare2017/work/word_echo/python_venv/lib/python3.12/site-packages/httpx/_client.py", line 914, in send
    response = self._send_handling_auth(
               ^^^^^^^^^^^^^^^^^^^^^^^^^
  File "/home/singularsquare2017/work/word_echo/python_venv/lib/python3.12/site-packages/httpx/_client.py", line 942, in _send_handling_auth
    response = self._send_handling_redirects(
               ^^^^^^^^^^^^^^^^^^^^^^^^^^^^^^
  File "/home/singularsquare2017/work/word_echo/python_venv/lib/python3.12/site-packages/httpx/_client.py", line 979, in _send_handling_redirects
    response = self._send_single_request(request)
               ^^^^^^^^^^^^^^^^^^^^^^^^^^^^^^^^^^
  File "/home/singularsquare2017/work/word_echo/python_venv/lib/python3.12/site-packages/httpx/_client.py", line 1014, in _send_single_request
    response = transport.handle_request(request)
               ^^^^^^^^^^^^^^^^^^^^^^^^^^^^^^^^^
  File "/home/singularsquare2017/work/word_echo/python_venv/lib/python3.12/site-packages/httpx/_transports/default.py", line 249, in handle_request
    with map_httpcore_exceptions():
  File "/usr/lib/python3.12/contextlib.py", line 158, in __exit__
    self.gen.throw(value)
  File "/home/singularsquare2017/work/word_echo/python_venv/lib/python3.12/site-packages/httpx/_transports/default.py", line 118, in map_httpcore_exceptions
    raise mapped_exc(message) from exc
httpx.ReadTimeout: The read operation timed out

The above exception was the direct cause of the following exception:

Traceback (most recent call last):
  File "/home/singularsquare2017/work/word_echo/apps/synonyms/synonym_ai.py", line 87, in generate_synonym_data
    response = OpenAI(api_key=api_key, base_url=settings.SYNONYM_AI_BASE_URL).chat.completions.create(
               ^^^^^^^^^^^^^^^^^^^^^^^^^^^^^^^^^^^^^^^^^^^^^^^^^^^^^^^^^^^^^^^^^^^^^^^^^^^^^^^^^^^^^^^
  File "/home/singularsquare2017/work/word_echo/python_venv/lib/python3.12/site-packages/openai/_utils/_utils.py", line 286, in wrapper
    return func(*args, **kwargs)
           ^^^^^^^^^^^^^^^^^^^^^
  File "/home/singularsquare2017/work/word_echo/python_venv/lib/python3.12/site-packages/openai/resources/chat/completions/completions.py", line 1211, in create
    return self._post(
           ^^^^^^^^^^^
  File "/home/singularsquare2017/work/word_echo/python_venv/lib/python3.12/site-packages/openai/_base_client.py", line 1297, in post
    return cast(ResponseT, self.request(cast_to, opts, stream=stream, stream_cls=stream_cls))
                           ^^^^^^^^^^^^^^^^^^^^^^^^^^^^^^^^^^^^^^^^^^^^^^^^^^^^^^^^^^^^^^^^^
  File "/home/singularsquare2017/work/word_echo/python_venv/lib/python3.12/site-packages/openai/_base_client.py", line 1023, in request
    raise APITimeoutError(request=request) from err
openai.APITimeoutError: Request timed out.
Bad Request: /synonyms/ai/generate/
[20/Jul/2026 11:48:14] "POST /synonyms/ai/generate/ HTTP/1.1" 400 156
/home/singularsquare2017/work/word_echo/word_echo/settings.py changed, reloading.
Performing system checks...

System check identified no issues (0 silenced).
July 20, 2026 - 11:36:41
Django version 6.0.3, using settings 'word_echo.settings'
Starting development server at http://0.0.0.0:12345/
Quit the server with CONTROL-C.

WARNING: This is a development server. Do not use it in a production setting. Use a production WSGI or ASGI server instead.
For more information on production servers see: https://docs.djangoproject.com/en/6.0/howto/deployment/
Watching for file changes with StatReloader
Performing system checks...

System check identified no issues (0 silenced).
July 20, 2026 - 11:49:41
Django version 6.0.3, using settings 'word_echo.settings'
Starting development server at http://0.0.0.0:12345/
Quit the server with CONTROL-C.

WARNING: This is a development server. Do not use it in a production setting. Use a production WSGI or ASGI server instead.
For more information on production servers see: https://docs.djangoproject.com/en/6.0/howto/deployment/
Watching for file changes with StatReloader
[20/Jul/2026 11:49:49] "GET /synonyms/add/ HTTP/1.1" 200 20227
[20/Jul/2026 11:50:38] "POST /synonyms/ai/generate/ HTTP/1.1" 200 10103
[20/Jul/2026 11:51:06] "POST /synonyms/add/ HTTP/1.1" 302 0
[20/Jul/2026 11:51:07] "GET /synonyms/5/ HTTP/1.1" 200 32152
[20/Jul/2026 11:52:55] "GET / HTTP/1.1" 200 10566
Not Found: /apple-touch-icon-precomposed.png
[20/Jul/2026 11:52:55] "GET /apple-touch-icon-precomposed.png HTTP/1.1" 404 3910
Not Found: /apple-touch-icon.png
Not Found: /favicon.ico
[20/Jul/2026 11:52:55] "GET /apple-touch-icon.png HTTP/1.1" 404 3874
[20/Jul/2026 11:52:55] "GET /favicon.ico HTTP/1.1" 404 3847
[20/Jul/2026 11:53:01] "GET /synonyms/ HTTP/1.1" 200 12516
[20/Jul/2026 11:53:12] "GET /synonyms/5/ HTTP/1.1" 200 32152
/home/singularsquare2017/work/word_echo/apps/practice/views.py changed, reloading.
Performing system checks...

System check identified no issues (0 silenced).
July 20, 2026 - 11:49:45
Django version 6.0.3, using settings 'word_echo.settings'
Starting development server at http://0.0.0.0:12345/
Quit the server with CONTROL-C.

WARNING: This is a development server. Do not use it in a production setting. Use a production WSGI or ASGI server instead.
For more information on production servers see: https://docs.djangoproject.com/en/6.0/howto/deployment/
Watching for file changes with StatReloader
[20/Jul/2026 11:59:13] "GET /synonyms/5/ HTTP/1.1" 200 32152
[20/Jul/2026 11:59:32] "GET /synonyms/5/ HTTP/1.1" 200 32152
[20/Jul/2026 11:59:37] "GET /synonyms/ HTTP/1.1" 200 12516
[20/Jul/2026 11:59:40] "GET /synonyms/5/ HTTP/1.1" 200 32152
[20/Jul/2026 11:59:44] "GET / HTTP/1.1" 200 10566
[20/Jul/2026 11:59:49] "GET /synonyms/ HTTP/1.1" 200 12516
Performing system checks...

System check identified no issues (0 silenced).
July 20, 2026 - 11:56:02
Django version 6.0.3, using settings 'word_echo.settings'
Starting development server at http://0.0.0.0:12345/
Quit the server with CONTROL-C.

WARNING: This is a development server. Do not use it in a production setting. Use a production WSGI or ASGI server instead.
For more information on production servers see: https://docs.djangoproject.com/en/6.0/howto/deployment/
Watching for file changes with StatReloader
[20/Jul/2026 12:00:10] "GET /synonyms/ HTTP/1.1" 200 12516
[20/Jul/2026 12:00:13] "GET /synonyms/ HTTP/1.1" 200 12516
[20/Jul/2026 12:01:42] "GET /synonyms?a=1 HTTP/1.1" 301 0
[20/Jul/2026 12:01:43] "GET /synonyms/?a=1 HTTP/1.1" 200 12516
[20/Jul/2026 12:02:03] "GET / HTTP/1.1" 200 10566
[20/Jul/2026 12:02:04] "GET /practice/ HTTP/1.1" 200 12663
[20/Jul/2026 12:02:10] "GET /practice/run/?type=random&limit=10&device=desktop HTTP/1.1" 200 18999
[20/Jul/2026 12:02:10] "GET /static/js/practice.js HTTP/1.1" 200 2406
/home/singularsquare2017/work/word_echo/apps/synonyms/models.py changed, reloading.
Performing system checks...

System check identified no issues (0 silenced).
July 20, 2026 - 12:00:04
Django version 6.0.3, using settings 'word_echo.settings'
Starting development server at http://0.0.0.0:12345/
Quit the server with CONTROL-C.

WARNING: This is a development server. Do not use it in a production setting. Use a production WSGI or ASGI server instead.
For more information on production servers see: https://docs.djangoproject.com/en/6.0/howto/deployment/
Watching for file changes with StatReloader
/home/singularsquare2017/work/word_echo/apps/synonyms/views.py changed, reloading.
Performing system checks...

System check identified no issues (0 silenced).
July 20, 2026 - 12:08:00
Django version 6.0.3, using settings 'word_echo.settings'
Starting development server at http://0.0.0.0:12345/
Quit the server with CONTROL-C.

WARNING: This is a development server. Do not use it in a production setting. Use a production WSGI or ASGI server instead.
For more information on production servers see: https://docs.djangoproject.com/en/6.0/howto/deployment/
Watching for file changes with StatReloader
/home/singularsquare2017/work/word_echo/apps/synonyms/urls.py changed, reloading.
Performing system checks...

System check identified no issues (0 silenced).

You have 1 unapplied migration(s). Your project may not work properly until you apply the migrations for app(s): synonyms.
Run 'python manage.py migrate' to apply them.
July 20, 2026 - 12:08:29
Django version 6.0.3, using settings 'word_echo.settings'
Starting development server at http://0.0.0.0:12345/
Quit the server with CONTROL-C.

WARNING: This is a development server. Do not use it in a production setting. Use a production WSGI or ASGI server instead.
For more information on production servers see: https://docs.djangoproject.com/en/6.0/howto/deployment/
Watching for file changes with StatReloader
[20/Jul/2026 12:44:58] "GET /synonyms/ HTTP/1.1" 200 13950
[20/Jul/2026 12:45:03] "GET /synonyms/add/ HTTP/1.1" 200 20227
Synonym AI request timed out or could not connect for 'focus on'
Traceback (most recent call last):
  File "/home/singularsquare2017/work/word_echo/python_venv/lib/python3.12/site-packages/httpx/_transports/default.py", line 101, in map_httpcore_exceptions
    yield
  File "/home/singularsquare2017/work/word_echo/python_venv/lib/python3.12/site-packages/httpx/_transports/default.py", line 250, in handle_request
    resp = self._pool.handle_request(req)
           ^^^^^^^^^^^^^^^^^^^^^^^^^^^^^^
  File "/home/singularsquare2017/work/word_echo/python_venv/lib/python3.12/site-packages/httpcore/_sync/connection_pool.py", line 256, in handle_request
    raise exc from None
  File "/home/singularsquare2017/work/word_echo/python_venv/lib/python3.12/site-packages/httpcore/_sync/connection_pool.py", line 236, in handle_request
    response = connection.handle_request(
               ^^^^^^^^^^^^^^^^^^^^^^^^^^
  File "/home/singularsquare2017/work/word_echo/python_venv/lib/python3.12/site-packages/httpcore/_sync/connection.py", line 103, in handle_request
    return self._connection.handle_request(request)
           ^^^^^^^^^^^^^^^^^^^^^^^^^^^^^^^^^^^^^^^^
  File "/home/singularsquare2017/work/word_echo/python_venv/lib/python3.12/site-packages/httpcore/_sync/http11.py", line 136, in handle_request
    raise exc
  File "/home/singularsquare2017/work/word_echo/python_venv/lib/python3.12/site-packages/httpcore/_sync/http11.py", line 106, in handle_request
    ) = self._receive_response_headers(**kwargs)
        ^^^^^^^^^^^^^^^^^^^^^^^^^^^^^^^^^^^^^^^^
  File "/home/singularsquare2017/work/word_echo/python_venv/lib/python3.12/site-packages/httpcore/_sync/http11.py", line 177, in _receive_response_headers
    event = self._receive_event(timeout=timeout)
            ^^^^^^^^^^^^^^^^^^^^^^^^^^^^^^^^^^^^
  File "/home/singularsquare2017/work/word_echo/python_venv/lib/python3.12/site-packages/httpcore/_sync/http11.py", line 217, in _receive_event
    data = self._network_stream.read(
           ^^^^^^^^^^^^^^^^^^^^^^^^^^
  File "/home/singularsquare2017/work/word_echo/python_venv/lib/python3.12/site-packages/httpcore/_backends/sync.py", line 126, in read
    with map_exceptions(exc_map):
  File "/usr/lib/python3.12/contextlib.py", line 158, in __exit__
    self.gen.throw(value)
  File "/home/singularsquare2017/work/word_echo/python_venv/lib/python3.12/site-packages/httpcore/_exceptions.py", line 14, in map_exceptions
    raise to_exc(exc) from exc
httpcore.ReadTimeout: The read operation timed out

The above exception was the direct cause of the following exception:

Traceback (most recent call last):
  File "/home/singularsquare2017/work/word_echo/python_venv/lib/python3.12/site-packages/openai/_base_client.py", line 1005, in request
    response = self._client.send(
               ^^^^^^^^^^^^^^^^^^
  File "/home/singularsquare2017/work/word_echo/python_venv/lib/python3.12/site-packages/httpx/_client.py", line 914, in send
    response = self._send_handling_auth(
               ^^^^^^^^^^^^^^^^^^^^^^^^^
  File "/home/singularsquare2017/work/word_echo/python_venv/lib/python3.12/site-packages/httpx/_client.py", line 942, in _send_handling_auth
    response = self._send_handling_redirects(
               ^^^^^^^^^^^^^^^^^^^^^^^^^^^^^^
  File "/home/singularsquare2017/work/word_echo/python_venv/lib/python3.12/site-packages/httpx/_client.py", line 979, in _send_handling_redirects
    response = self._send_single_request(request)
               ^^^^^^^^^^^^^^^^^^^^^^^^^^^^^^^^^^
  File "/home/singularsquare2017/work/word_echo/python_venv/lib/python3.12/site-packages/httpx/_client.py", line 1014, in _send_single_request
    response = transport.handle_request(request)
               ^^^^^^^^^^^^^^^^^^^^^^^^^^^^^^^^^
  File "/home/singularsquare2017/work/word_echo/python_venv/lib/python3.12/site-packages/httpx/_transports/default.py", line 249, in handle_request
    with map_httpcore_exceptions():
  File "/usr/lib/python3.12/contextlib.py", line 158, in __exit__
    self.gen.throw(value)
  File "/home/singularsquare2017/work/word_echo/python_venv/lib/python3.12/site-packages/httpx/_transports/default.py", line 118, in map_httpcore_exceptions
    raise mapped_exc(message) from exc
httpx.ReadTimeout: The read operation timed out

The above exception was the direct cause of the following exception:

Traceback (most recent call last):
  File "/home/singularsquare2017/work/word_echo/apps/synonyms/synonym_ai.py", line 87, in generate_synonym_data
    response = OpenAI(api_key=api_key, base_url=settings.SYNONYM_AI_BASE_URL).chat.completions.create(
               ^^^^^^^^^^^^^^^^^^^^^^^^^^^^^^^^^^^^^^^^^^^^^^^^^^^^^^^^^^^^^^^^^^^^^^^^^^^^^^^^^^^^^^^
  File "/home/singularsquare2017/work/word_echo/python_venv/lib/python3.12/site-packages/openai/_utils/_utils.py", line 286, in wrapper
    return func(*args, **kwargs)
           ^^^^^^^^^^^^^^^^^^^^^
  File "/home/singularsquare2017/work/word_echo/python_venv/lib/python3.12/site-packages/openai/resources/chat/completions/completions.py", line 1211, in create
    return self._post(
           ^^^^^^^^^^^
  File "/home/singularsquare2017/work/word_echo/python_venv/lib/python3.12/site-packages/openai/_base_client.py", line 1297, in post
    return cast(ResponseT, self.request(cast_to, opts, stream=stream, stream_cls=stream_cls))
                           ^^^^^^^^^^^^^^^^^^^^^^^^^^^^^^^^^^^^^^^^^^^^^^^^^^^^^^^^^^^^^^^^^
  File "/home/singularsquare2017/work/word_echo/python_venv/lib/python3.12/site-packages/openai/_base_client.py", line 1023, in request
    raise APITimeoutError(request=request) from err
openai.APITimeoutError: Request timed out.
Bad Request: /synonyms/ai/generate/
Synonym AI request timed out or could not connect for 'focus on'
Traceback (most recent call last):
  File "/home/singularsquare2017/work/word_echo/python_venv/lib/python3.12/site-packages/httpx/_transports/default.py", line 101, in map_httpcore_exceptions
    yield
  File "/home/singularsquare2017/work/word_echo/python_venv/lib/python3.12/site-packages/httpx/_transports/default.py", line 250, in handle_request
    resp = self._pool.handle_request(req)
           ^^^^^^^^^^^^^^^^^^^^^^^^^^^^^^
  File "/home/singularsquare2017/work/word_echo/python_venv/lib/python3.12/site-packages/httpcore/_sync/connection_pool.py", line 256, in handle_request
    raise exc from None
  File "/home/singularsquare2017/work/word_echo/python_venv/lib/python3.12/site-packages/httpcore/_sync/connection_pool.py", line 236, in handle_request
    response = connection.handle_request(
               ^^^^^^^^^^^^^^^^^^^^^^^^^^
  File "/home/singularsquare2017/work/word_echo/python_venv/lib/python3.12/site-packages/httpcore/_sync/connection.py", line 103, in handle_request
    return self._connection.handle_request(request)
           ^^^^^^^^^^^^^^^^^^^^^^^^^^^^^^^^^^^^^^^^
  File "/home/singularsquare2017/work/word_echo/python_venv/lib/python3.12/site-packages/httpcore/_sync/http11.py", line 136, in handle_request
    raise exc
  File "/home/singularsquare2017/work/word_echo/python_venv/lib/python3.12/site-packages/httpcore/_sync/http11.py", line 106, in handle_request
    ) = self._receive_response_headers(**kwargs)
        ^^^^^^^^^^^^^^^^^^^^^^^^^^^^^^^^^^^^^^^^
  File "/home/singularsquare2017/work/word_echo/python_venv/lib/python3.12/site-packages/httpcore/_sync/http11.py", line 177, in _receive_response_headers
    event = self._receive_event(timeout=timeout)
            ^^^^^^^^^^^^^^^^^^^^^^^^^^^^^^^^^^^^
  File "/home/singularsquare2017/work/word_echo/python_venv/lib/python3.12/site-packages/httpcore/_sync/http11.py", line 217, in _receive_event
    data = self._network_stream.read(
           ^^^^^^^^^^^^^^^^^^^^^^^^^^
  File "/home/singularsquare2017/work/word_echo/python_venv/lib/python3.12/site-packages/httpcore/_backends/sync.py", line 126, in read
    with map_exceptions(exc_map):
  File "/usr/lib/python3.12/contextlib.py", line 158, in __exit__
    self.gen.throw(value)
  File "/home/singularsquare2017/work/word_echo/python_venv/lib/python3.12/site-packages/httpcore/_exceptions.py", line 14, in map_exceptions
    raise to_exc(exc) from exc
httpcore.ReadTimeout: The read operation timed out

The above exception was the direct cause of the following exception:

Traceback (most recent call last):
  File "/home/singularsquare2017/work/word_echo/python_venv/lib/python3.12/site-packages/openai/_base_client.py", line 1005, in request
    response = self._client.send(
               ^^^^^^^^^^^^^^^^^^
  File "/home/singularsquare2017/work/word_echo/python_venv/lib/python3.12/site-packages/httpx/_client.py", line 914, in send
    response = self._send_handling_auth(
               ^^^^^^^^^^^^^^^^^^^^^^^^^
  File "/home/singularsquare2017/work/word_echo/python_venv/lib/python3.12/site-packages/httpx/_client.py", line 942, in _send_handling_auth
    response = self._send_handling_redirects(
               ^^^^^^^^^^^^^^^^^^^^^^^^^^^^^^
  File "/home/singularsquare2017/work/word_echo/python_venv/lib/python3.12/site-packages/httpx/_client.py", line 979, in _send_handling_redirects
    response = self._send_single_request(request)
               ^^^^^^^^^^^^^^^^^^^^^^^^^^^^^^^^^^
  File "/home/singularsquare2017/work/word_echo/python_venv/lib/python3.12/site-packages/httpx/_client.py", line 1014, in _send_single_request
    response = transport.handle_request(request)
               ^^^^^^^^^^^^^^^^^^^^^^^^^^^^^^^^^
  File "/home/singularsquare2017/work/word_echo/python_venv/lib/python3.12/site-packages/httpx/_transports/default.py", line 249, in handle_request
    with map_httpcore_exceptions():
  File "/usr/lib/python3.12/contextlib.py", line 158, in __exit__
    self.gen.throw(value)
  File "/home/singularsquare2017/work/word_echo/python_venv/lib/python3.12/site-packages/httpx/_transports/default.py", line 118, in map_httpcore_exceptions
    raise mapped_exc(message) from exc
httpx.ReadTimeout: The read operation timed out

The above exception was the direct cause of the following exception:

Traceback (most recent call last):
  File "/home/singularsquare2017/work/word_echo/apps/synonyms/synonym_ai.py", line 87, in generate_synonym_data
    response = OpenAI(api_key=api_key, base_url=settings.SYNONYM_AI_BASE_URL).chat.completions.create(
               ^^^^^^^^^^^^^^^^^^^^^^^^^^^^^^^^^^^^^^^^^^^^^^^^^^^^^^^^^^^^^^^^^^^^^^^^^^^^^^^^^^^^^^^
  File "/home/singularsquare2017/work/word_echo/python_venv/lib/python3.12/site-packages/openai/_utils/_utils.py", line 286, in wrapper
    return func(*args, **kwargs)
           ^^^^^^^^^^^^^^^^^^^^^
  File "/home/singularsquare2017/work/word_echo/python_venv/lib/python3.12/site-packages/openai/resources/chat/completions/completions.py", line 1211, in create
    return self._post(
           ^^^^^^^^^^^
  File "/home/singularsquare2017/work/word_echo/python_venv/lib/python3.12/site-packages/openai/_base_client.py", line 1297, in post
    return cast(ResponseT, self.request(cast_to, opts, stream=stream, stream_cls=stream_cls))
                           ^^^^^^^^^^^^^^^^^^^^^^^^^^^^^^^^^^^^^^^^^^^^^^^^^^^^^^^^^^^^^^^^^
  File "/home/singularsquare2017/work/word_echo/python_venv/lib/python3.12/site-packages/openai/_base_client.py", line 1023, in request
    raise APITimeoutError(request=request) from err
openai.APITimeoutError: Request timed out.
Bad Request: /synonyms/ai/generate/
[20/Jul/2026 12:51:28] "POST /synonyms/ai/generate/ HTTP/1.1" 400 156
[20/Jul/2026 12:52:08] "GET /synonyms/ HTTP/1.1" 200 13950
[20/Jul/2026 12:52:18] "GET /synonyms/5/ HTTP/1.1" 200 32645
[20/Jul/2026 12:52:20] "GET /synonyms/5/review/ HTTP/1.1" 200 11412
[20/Jul/2026 12:52:42] "POST /synonyms/5/review/ HTTP/1.1" 200 11729
[20/Jul/2026 12:53:14] "POST /synonyms/5/review/ HTTP/1.1" 200 11729
/home/singularsquare2017/work/word_echo/word_echo/settings.py changed, reloading.
Performing system checks...

System check identified no issues (0 silenced).

You have 1 unapplied migration(s). Your project may not work properly until you apply the migrations for app(s): synonyms.
Run 'python manage.py migrate' to apply them.
July 20, 2026 - 12:08:37
Django version 6.0.3, using settings 'word_echo.settings'
Starting development server at http://0.0.0.0:12345/
Quit the server with CONTROL-C.

WARNING: This is a development server. Do not use it in a production setting. Use a production WSGI or ASGI server instead.
For more information on production servers see: https://docs.djangoproject.com/en/6.0/howto/deployment/
Watching for file changes with StatReloader
[20/Jul/2026 12:54:46] "POST /synonyms/5/review/ HTTP/1.1" 200 11722
[20/Jul/2026 12:54:59] "GET /synonyms/review/ HTTP/1.1" 200 12285
[20/Jul/2026 12:55:07] "GET /synonyms/5/review/ HTTP/1.1" 200 11412
[20/Jul/2026 12:55:30] "GET /synonyms/ HTTP/1.1" 200 13950
[20/Jul/2026 12:55:34] "GET /synonyms/add/ HTTP/1.1" 200 20227
[20/Jul/2026 12:59:00] "GET /synonyms/add/ HTTP/1.1" 200 20227
[20/Jul/2026 12:59:06] "GET /synonyms/add/ HTTP/1.1" 200 20227
[20/Jul/2026 13:01:05] "POST /synonyms/ai/generate/ HTTP/1.1" 200 9563
[20/Jul/2026 13:02:06] "POST /synonyms/add/ HTTP/1.1" 302 0
[20/Jul/2026 13:02:06] "GET /synonyms/6/ HTTP/1.1" 200 31768
[20/Jul/2026 21:26:06] "GET / HTTP/1.1" 302 0
[20/Jul/2026 21:26:06] "GET /admin/login/?next=/ HTTP/1.1" 200 4068
[21/Jul/2026 05:32:18] "GET /synonyms/ HTTP/1.1" 200 15423
[21/Jul/2026 05:32:23] "GET /synonyms/add/ HTTP/1.1" 200 20227
[21/Jul/2026 05:33:57] "POST /synonyms/ai/generate/ HTTP/1.1" 200 11053
[21/Jul/2026 05:34:31] "POST /synonyms/ai/generate/ HTTP/1.1" 200 11572
[21/Jul/2026 05:34:51] "POST /synonyms/add/ HTTP/1.1" 302 0
[21/Jul/2026 05:34:51] "GET /synonyms/7/ HTTP/1.1" 200 34461
[21/Jul/2026 05:53:34] "GET / HTTP/1.1" 200 10566
[21/Jul/2026 05:53:35] "GET /synonyms/ HTTP/1.1" 200 17017
[21/Jul/2026 05:53:44] "GET /synonyms/add/ HTTP/1.1" 200 20227
[21/Jul/2026 05:55:07] "POST /synonyms/ai/generate/ HTTP/1.1" 200 10117
[21/Jul/2026 05:55:13] "POST /synonyms/add/ HTTP/1.1" 302 0
[21/Jul/2026 05:55:13] "GET /synonyms/8/ HTTP/1.1" 200 30934
[21/Jul/2026 05:55:15] "GET /synonyms/ HTTP/1.1" 200 18370
[21/Jul/2026 05:55:17] "GET /synonyms/add/ HTTP/1.1" 200 20227
[21/Jul/2026 05:58:07] "POST /synonyms/ai/generate/ HTTP/1.1" 200 9353
[21/Jul/2026 05:59:35] "POST /synonyms/add/ HTTP/1.1" 302 0
[21/Jul/2026 05:59:35] "GET /synonyms/9/ HTTP/1.1" 200 31086
[21/Jul/2026 05:59:37] "GET /synonyms/ HTTP/1.1" 200 19822
[21/Jul/2026 05:59:38] "GET /synonyms/add/ HTTP/1.1" 200 20227
[21/Jul/2026 06:00:48] "POST /synonyms/ai/generate/ HTTP/1.1" 200 8827
[21/Jul/2026 06:00:58] "POST /synonyms/add/ HTTP/1.1" 302 0
[21/Jul/2026 06:00:58] "GET /synonyms/10/ HTTP/1.1" 200 30952
[21/Jul/2026 06:01:00] "GET /synonyms/ HTTP/1.1" 200 21199
[21/Jul/2026 06:01:07] "GET /synonyms/add/ HTTP/1.1" 200 20227
[21/Jul/2026 06:02:38] "POST /synonyms/ai/generate/ HTTP/1.1" 200 10961
[21/Jul/2026 06:03:18] "POST /synonyms/add/ HTTP/1.1" 302 0
[21/Jul/2026 06:03:19] "GET /synonyms/11/ HTTP/1.1" 200 33611
[21/Jul/2026 06:03:36] "GET /synonyms/ HTTP/1.1" 200 22666
[21/Jul/2026 06:56:51] "GET /synonyms/9/ HTTP/1.1" 200 31086
[21/Jul/2026 07:58:46] "GET /synonyms/ HTTP/1.1" 200 22666
[21/Jul/2026 07:59:00] "GET /synonyms/6/ HTTP/1.1" 200 31768
